ERROR - 2025-11-04 14:43:28 --> mysqli_sql_exception: Unknown column 'pick_up_time' in 'field list' in C:\Users\timaj\OneDrive\Documents\HiFi\CAR-RENTAL\car-rental-ci\system\Database\MySQLi\Connection.php:306
Stack trace:
#0 C:\Users\timaj\OneDrive\Documents\HiFi\CAR-RENTAL\car-rental-ci\system\Database\MySQLi\Connection.php(306): mysqli->query('INSERT INTO `bo...', 0)
#1 C:\Users\timaj\OneDrive\Documents\HiFi\CAR-RENTAL\car-rental-ci\system\Database\BaseConnection.php(693): CodeIgniter\Database\MySQLi\Connection->execute('INSERT INTO `bo...')
#2 C:\Users\timaj\OneDrive\Documents\HiFi\CAR-RENTAL\car-rental-ci\system\Database\BaseConnection.php(607): CodeIgniter\Database\BaseConnection->simpleQuery('INSERT INTO `bo...')
#3 C:\Users\timaj\OneDrive\Documents\HiFi\CAR-RENTAL\car-rental-ci\system\Database\BaseBuilder.php(2307): CodeIgniter\Database\BaseConnection->query('INSERT INTO `bo...', Array, false)
#4 C:\Users\timaj\OneDrive\Documents\HiFi\CAR-RENTAL\car-rental-ci\system\Model.php(326): CodeIgniter\Database\BaseBuilder->insert()
#5 C:\Users\timaj\OneDrive\Documents\HiFi\CAR-RENTAL\car-rental-ci\system\BaseModel.php(802): CodeIgniter\Model->doInsert(Array)
#6 C:\Users\timaj\OneDrive\Documents\HiFi\CAR-RENTAL\car-rental-ci\system\Model.php(744): CodeIgniter\BaseModel->insert(Array, true)
#7 C:\Users\timaj\OneDrive\Documents\HiFi\CAR-RENTAL\car-rental-ci\app\Controllers\Customer.php(127): CodeIgniter\Model->insert(Array)
#8 C:\Users\timaj\OneDrive\Documents\HiFi\CAR-RENTAL\car-rental-ci\system\CodeIgniter.php(941): App\Controllers\Customer->createBooking()
#9 C:\Users\timaj\OneDrive\Documents\HiFi\CAR-RENTAL\car-rental-ci\system\CodeIgniter.php(502): CodeIgniter\CodeIgniter->runController(Object(App\Controllers\Customer))
#10 C:\Users\timaj\OneDrive\Documents\HiFi\CAR-RENTAL\car-rental-ci\system\CodeIgniter.php(361): CodeIgniter\CodeIgniter->handleRequest(NULL, Object(Config\Cache), false)
#11 C:\Users\timaj\OneDrive\Documents\HiFi\CAR-RENTAL\car-rental-ci\public\index.php(79): CodeIgniter\CodeIgniter->run()
#12 C:\Users\timaj\OneDrive\Documents\HiFi\CAR-RENTAL\car-rental-ci\system\Commands\Server\rewrite.php(47): require_once('C:\\Users\\timaj\\...')
#13 {main}
CRITICAL - 2025-11-04 14:43:28 --> CodeIgniter\Database\Exceptions\DatabaseException: Unknown column 'pick_up_time' in 'field list'
in SYSTEMPATH\Database\BaseConnection.php on line 647.
 1 SYSTEMPATH\Database\BaseBuilder.php(2307): CodeIgniter\Database\BaseConnection->query('INSERT INTO `bookings` (`user_id`, `car_id`, `start_date`, `end_date`, `pick_up_time`, `total_price`, `total_amount`, `down_payment_amount`, `payment_method`, `payment_status`, `status`, `created_at`, `updated_at`) VALUES (:user_id:, :car_id:, :start_date:, :end_date:, :pick_up_time:, :total_price:, :total_amount:, :down_payment_amount:, :payment_method:, :payment_status:, :status:, :created_at:, :updated_at:)', [...], false)
 2 SYSTEMPATH\Model.php(326): CodeIgniter\Database\BaseBuilder->insert()
 3 SYSTEMPATH\BaseModel.php(802): CodeIgniter\Model->doInsert([...])
 4 SYSTEMPATH\Model.php(744): CodeIgniter\BaseModel->insert([...], true)
 5 APPPATH\Controllers\Customer.php(127): CodeIgniter\Model->insert([...])
 6 SYSTEMPATH\CodeIgniter.php(941): App\Controllers\Customer->createBooking()
 7 SYSTEMPATH\CodeIgniter.php(502): CodeIgniter\CodeIgniter->runController(Object(App\Controllers\Customer))
 8 SYSTEMPATH\CodeIgniter.php(361): CodeIgniter\CodeIgniter->handleRequest(null, Object(Config\Cache), false)
 9 FCPATH\index.php(79): CodeIgniter\CodeIgniter->run()
10 SYSTEMPATH\Commands\Server\rewrite.php(47): require_once('C:\\Users\\timaj\\OneDrive\\Documents\\HiFi\\CAR-RENTAL\\car-rental-ci\\public\\index.php')
CRITICAL - 2025-11-04 14:43:28 --> [Caused by] CodeIgniter\Database\Exceptions\DatabaseException: Unknown column 'pick_up_time' in 'field list'
in SYSTEMPATH\Database\MySQLi\Connection.php on line 311.
 1 SYSTEMPATH\Database\BaseConnection.php(693): CodeIgniter\Database\MySQLi\Connection->execute('INSERT INTO `bookings` (`user_id`, `car_id`, `start_date`, `end_date`, `pick_up_time`, `total_price`, `total_amount`, `down_payment_amount`, `payment_method`, `payment_status`, `status`, `created_at`, `updated_at`) VALUES (\'15\', \'17\', \'2025-11-06\', \'2025-11-10\', \'10:00:00\', 800, 800, 400, \'gcash\', \'partial\', \'pending\', \'2025-11-04 14:43:28\', \'2025-11-04 14:43:28\')')
 2 SYSTEMPATH\Database\BaseConnection.php(607): CodeIgniter\Database\BaseConnection->simpleQuery('INSERT INTO `bookings` (`user_id`, `car_id`, `start_date`, `end_date`, `pick_up_time`, `total_price`, `total_amount`, `down_payment_amount`, `payment_method`, `payment_status`, `status`, `created_at`, `updated_at`) VALUES (\'15\', \'17\', \'2025-11-06\', \'2025-11-10\', \'10:00:00\', 800, 800, 400, \'gcash\', \'partial\', \'pending\', \'2025-11-04 14:43:28\', \'2025-11-04 14:43:28\')')
 3 SYSTEMPATH\Database\BaseBuilder.php(2307): CodeIgniter\Database\BaseConnection->query('INSERT INTO `bookings` (`user_id`, `car_id`, `start_date`, `end_date`, `pick_up_time`, `total_price`, `total_amount`, `down_payment_amount`, `payment_method`, `payment_status`, `status`, `created_at`, `updated_at`) VALUES (:user_id:, :car_id:, :start_date:, :end_date:, :pick_up_time:, :total_price:, :total_amount:, :down_payment_amount:, :payment_method:, :payment_status:, :status:, :created_at:, :updated_at:)', [...], false)
 4 SYSTEMPATH\Model.php(326): CodeIgniter\Database\BaseBuilder->insert()
 5 SYSTEMPATH\BaseModel.php(802): CodeIgniter\Model->doInsert([...])
 6 SYSTEMPATH\Model.php(744): CodeIgniter\BaseModel->insert([...], true)
 7 APPPATH\Controllers\Customer.php(127): CodeIgniter\Model->insert([...])
 8 SYSTEMPATH\CodeIgniter.php(941): App\Controllers\Customer->createBooking()
 9 SYSTEMPATH\CodeIgniter.php(502): CodeIgniter\CodeIgniter->runController(Object(App\Controllers\Customer))
10 SYSTEMPATH\CodeIgniter.php(361): CodeIgniter\CodeIgniter->handleRequest(null, Object(Config\Cache), false)
11 FCPATH\index.php(79): CodeIgniter\CodeIgniter->run()
12 SYSTEMPATH\Commands\Server\rewrite.php(47): require_once('C:\\Users\\timaj\\OneDrive\\Documents\\HiFi\\CAR-RENTAL\\car-rental-ci\\public\\index.php')
CRITICAL - 2025-11-04 14:43:28 --> [Caused by] mysqli_sql_exception: Unknown column 'pick_up_time' in 'field list'
in SYSTEMPATH\Database\MySQLi\Connection.php on line 306.
 1 SYSTEMPATH\Database\MySQLi\Connection.php(306): mysqli->query('INSERT INTO `bookings` (`user_id`, `car_id`, `start_date`, `end_date`, `pick_up_time`, `total_price`, `total_amount`, `down_payment_amount`, `payment_method`, `payment_status`, `status`, `created_at`, `updated_at`) VALUES (\'15\', \'17\', \'2025-11-06\', \'2025-11-10\', \'10:00:00\', 800, 800, 400, \'gcash\', \'partial\', \'pending\', \'2025-11-04 14:43:28\', \'2025-11-04 14:43:28\')', 0)
 2 SYSTEMPATH\Database\BaseConnection.php(693): CodeIgniter\Database\MySQLi\Connection->execute('INSERT INTO `bookings` (`user_id`, `car_id`, `start_date`, `end_date`, `pick_up_time`, `total_price`, `total_amount`, `down_payment_amount`, `payment_method`, `payment_status`, `status`, `created_at`, `updated_at`) VALUES (\'15\', \'17\', \'2025-11-06\', \'2025-11-10\', \'10:00:00\', 800, 800, 400, \'gcash\', \'partial\', \'pending\', \'2025-11-04 14:43:28\', \'2025-11-04 14:43:28\')')
 3 SYSTEMPATH\Database\BaseConnection.php(607): CodeIgniter\Database\BaseConnection->simpleQuery('INSERT INTO `bookings` (`user_id`, `car_id`, `start_date`, `end_date`, `pick_up_time`, `total_price`, `total_amount`, `down_payment_amount`, `payment_method`, `payment_status`, `status`, `created_at`, `updated_at`) VALUES (\'15\', \'17\', \'2025-11-06\', \'2025-11-10\', \'10:00:00\', 800, 800, 400, \'gcash\', \'partial\', \'pending\', \'2025-11-04 14:43:28\', \'2025-11-04 14:43:28\')')
 4 SYSTEMPATH\Database\BaseBuilder.php(2307): CodeIgniter\Database\BaseConnection->query('INSERT INTO `bookings` (`user_id`, `car_id`, `start_date`, `end_date`, `pick_up_time`, `total_price`, `total_amount`, `down_payment_amount`, `payment_method`, `payment_status`, `status`, `created_at`, `updated_at`) VALUES (:user_id:, :car_id:, :start_date:, :end_date:, :pick_up_time:, :total_price:, :total_amount:, :down_payment_amount:, :payment_method:, :payment_status:, :status:, :created_at:, :updated_at:)', [...], false)
 5 SYSTEMPATH\Model.php(326): CodeIgniter\Database\BaseBuilder->insert()
 6 SYSTEMPATH\BaseModel.php(802): CodeIgniter\Model->doInsert([...])
 7 SYSTEMPATH\Model.php(744): CodeIgniter\BaseModel->insert([...], true)
 8 APPPATH\Controllers\Customer.php(127): CodeIgniter\Model->insert([...])
 9 SYSTEMPATH\CodeIgniter.php(941): App\Controllers\Customer->createBooking()
10 SYSTEMPATH\CodeIgniter.php(502): CodeIgniter\CodeIgniter->runController(Object(App\Controllers\Customer))
11 SYSTEMPATH\CodeIgniter.php(361): CodeIgniter\CodeIgniter->handleRequest(null, Object(Config\Cache), false)
12 FCPATH\index.php(79): CodeIgniter\CodeIgniter->run()
13 SYSTEMPATH\Commands\Server\rewrite.php(47): require_once('C:\\Users\\timaj\\OneDrive\\Documents\\HiFi\\CAR-RENTAL\\car-rental-ci\\public\\index.php')
ERROR - 2025-11-04 14:43:58 --> mysqli_sql_exception: Unknown column 'pick_up_time' in 'field list' in C:\Users\timaj\OneDrive\Documents\HiFi\CAR-RENTAL\car-rental-ci\system\Database\MySQLi\Connection.php:306
Stack trace:
#0 C:\Users\timaj\OneDrive\Documents\HiFi\CAR-RENTAL\car-rental-ci\system\Database\MySQLi\Connection.php(306): mysqli->query('INSERT INTO `bo...', 0)
#1 C:\Users\timaj\OneDrive\Documents\HiFi\CAR-RENTAL\car-rental-ci\system\Database\BaseConnection.php(693): CodeIgniter\Database\MySQLi\Connection->execute('INSERT INTO `bo...')
#2 C:\Users\timaj\OneDrive\Documents\HiFi\CAR-RENTAL\car-rental-ci\system\Database\BaseConnection.php(607): CodeIgniter\Database\BaseConnection->simpleQuery('INSERT INTO `bo...')
#3 C:\Users\timaj\OneDrive\Documents\HiFi\CAR-RENTAL\car-rental-ci\system\Database\BaseBuilder.php(2307): CodeIgniter\Database\BaseConnection->query('INSERT INTO `bo...', Array, false)
#4 C:\Users\timaj\OneDrive\Documents\HiFi\CAR-RENTAL\car-rental-ci\system\Model.php(326): CodeIgniter\Database\BaseBuilder->insert()
#5 C:\Users\timaj\OneDrive\Documents\HiFi\CAR-RENTAL\car-rental-ci\system\BaseModel.php(802): CodeIgniter\Model->doInsert(Array)
#6 C:\Users\timaj\OneDrive\Documents\HiFi\CAR-RENTAL\car-rental-ci\system\Model.php(744): CodeIgniter\BaseModel->insert(Array, true)
#7 C:\Users\timaj\OneDrive\Documents\HiFi\CAR-RENTAL\car-rental-ci\app\Controllers\Customer.php(127): CodeIgniter\Model->insert(Array)
#8 C:\Users\timaj\OneDrive\Documents\HiFi\CAR-RENTAL\car-rental-ci\system\CodeIgniter.php(941): App\Controllers\Customer->createBooking()
#9 C:\Users\timaj\OneDrive\Documents\HiFi\CAR-RENTAL\car-rental-ci\system\CodeIgniter.php(502): CodeIgniter\CodeIgniter->runController(Object(App\Controllers\Customer))
#10 C:\Users\timaj\OneDrive\Documents\HiFi\CAR-RENTAL\car-rental-ci\system\CodeIgniter.php(361): CodeIgniter\CodeIgniter->handleRequest(NULL, Object(Config\Cache), false)
#11 C:\Users\timaj\OneDrive\Documents\HiFi\CAR-RENTAL\car-rental-ci\public\index.php(79): CodeIgniter\CodeIgniter->run()
#12 C:\Users\timaj\OneDrive\Documents\HiFi\CAR-RENTAL\car-rental-ci\system\Commands\Server\rewrite.php(47): require_once('C:\\Users\\timaj\\...')
#13 {main}
CRITICAL - 2025-11-04 14:43:58 --> CodeIgniter\Database\Exceptions\DatabaseException: Unknown column 'pick_up_time' in 'field list'
in SYSTEMPATH\Database\BaseConnection.php on line 647.
 1 SYSTEMPATH\Database\BaseBuilder.php(2307): CodeIgniter\Database\BaseConnection->query('INSERT INTO `bookings` (`user_id`, `car_id`, `start_date`, `end_date`, `pick_up_time`, `total_price`, `total_amount`, `down_payment_amount`, `payment_method`, `payment_status`, `status`, `created_at`, `updated_at`) VALUES (:user_id:, :car_id:, :start_date:, :end_date:, :pick_up_time:, :total_price:, :total_amount:, :down_payment_amount:, :payment_method:, :payment_status:, :status:, :created_at:, :updated_at:)', [...], false)
 2 SYSTEMPATH\Model.php(326): CodeIgniter\Database\BaseBuilder->insert()
 3 SYSTEMPATH\BaseModel.php(802): CodeIgniter\Model->doInsert([...])
 4 SYSTEMPATH\Model.php(744): CodeIgniter\BaseModel->insert([...], true)
 5 APPPATH\Controllers\Customer.php(127): CodeIgniter\Model->insert([...])
 6 SYSTEMPATH\CodeIgniter.php(941): App\Controllers\Customer->createBooking()
 7 SYSTEMPATH\CodeIgniter.php(502): CodeIgniter\CodeIgniter->runController(Object(App\Controllers\Customer))
 8 SYSTEMPATH\CodeIgniter.php(361): CodeIgniter\CodeIgniter->handleRequest(null, Object(Config\Cache), false)
 9 FCPATH\index.php(79): CodeIgniter\CodeIgniter->run()
10 SYSTEMPATH\Commands\Server\rewrite.php(47): require_once('C:\\Users\\timaj\\OneDrive\\Documents\\HiFi\\CAR-RENTAL\\car-rental-ci\\public\\index.php')
CRITICAL - 2025-11-04 14:43:58 --> [Caused by] CodeIgniter\Database\Exceptions\DatabaseException: Unknown column 'pick_up_time' in 'field list'
in SYSTEMPATH\Database\MySQLi\Connection.php on line 311.
 1 SYSTEMPATH\Database\BaseConnection.php(693): CodeIgniter\Database\MySQLi\Connection->execute('INSERT INTO `bookings` (`user_id`, `car_id`, `start_date`, `end_date`, `pick_up_time`, `total_price`, `total_amount`, `down_payment_amount`, `payment_method`, `payment_status`, `status`, `created_at`, `updated_at`) VALUES (\'15\', \'17\', \'2025-11-06\', \'2025-11-10\', \'10:00:00\', 800, 800, 400, \'gcash\', \'partial\', \'pending\', \'2025-11-04 14:43:58\', \'2025-11-04 14:43:58\')')
 2 SYSTEMPATH\Database\BaseConnection.php(607): CodeIgniter\Database\BaseConnection->simpleQuery('INSERT INTO `bookings` (`user_id`, `car_id`, `start_date`, `end_date`, `pick_up_time`, `total_price`, `total_amount`, `down_payment_amount`, `payment_method`, `payment_status`, `status`, `created_at`, `updated_at`) VALUES (\'15\', \'17\', \'2025-11-06\', \'2025-11-10\', \'10:00:00\', 800, 800, 400, \'gcash\', \'partial\', \'pending\', \'2025-11-04 14:43:58\', \'2025-11-04 14:43:58\')')
 3 SYSTEMPATH\Database\BaseBuilder.php(2307): CodeIgniter\Database\BaseConnection->query('INSERT INTO `bookings` (`user_id`, `car_id`, `start_date`, `end_date`, `pick_up_time`, `total_price`, `total_amount`, `down_payment_amount`, `payment_method`, `payment_status`, `status`, `created_at`, `updated_at`) VALUES (:user_id:, :car_id:, :start_date:, :end_date:, :pick_up_time:, :total_price:, :total_amount:, :down_payment_amount:, :payment_method:, :payment_status:, :status:, :created_at:, :updated_at:)', [...], false)
 4 SYSTEMPATH\Model.php(326): CodeIgniter\Database\BaseBuilder->insert()
 5 SYSTEMPATH\BaseModel.php(802): CodeIgniter\Model->doInsert([...])
 6 SYSTEMPATH\Model.php(744): CodeIgniter\BaseModel->insert([...], true)
 7 APPPATH\Controllers\Customer.php(127): CodeIgniter\Model->insert([...])
 8 SYSTEMPATH\CodeIgniter.php(941): App\Controllers\Customer->createBooking()
 9 SYSTEMPATH\CodeIgniter.php(502): CodeIgniter\CodeIgniter->runController(Object(App\Controllers\Customer))
10 SYSTEMPATH\CodeIgniter.php(361): CodeIgniter\CodeIgniter->handleRequest(null, Object(Config\Cache), false)
11 FCPATH\index.php(79): CodeIgniter\CodeIgniter->run()
12 SYSTEMPATH\Commands\Server\rewrite.php(47): require_once('C:\\Users\\timaj\\OneDrive\\Documents\\HiFi\\CAR-RENTAL\\car-rental-ci\\public\\index.php')
CRITICAL - 2025-11-04 14:43:58 --> [Caused by] mysqli_sql_exception: Unknown column 'pick_up_time' in 'field list'
in SYSTEMPATH\Database\MySQLi\Connection.php on line 306.
 1 SYSTEMPATH\Database\MySQLi\Connection.php(306): mysqli->query('INSERT INTO `bookings` (`user_id`, `car_id`, `start_date`, `end_date`, `pick_up_time`, `total_price`, `total_amount`, `down_payment_amount`, `payment_method`, `payment_status`, `status`, `created_at`, `updated_at`) VALUES (\'15\', \'17\', \'2025-11-06\', \'2025-11-10\', \'10:00:00\', 800, 800, 400, \'gcash\', \'partial\', \'pending\', \'2025-11-04 14:43:58\', \'2025-11-04 14:43:58\')', 0)
 2 SYSTEMPATH\Database\BaseConnection.php(693): CodeIgniter\Database\MySQLi\Connection->execute('INSERT INTO `bookings` (`user_id`, `car_id`, `start_date`, `end_date`, `pick_up_time`, `total_price`, `total_amount`, `down_payment_amount`, `payment_method`, `payment_status`, `status`, `created_at`, `updated_at`) VALUES (\'15\', \'17\', \'2025-11-06\', \'2025-11-10\', \'10:00:00\', 800, 800, 400, \'gcash\', \'partial\', \'pending\', \'2025-11-04 14:43:58\', \'2025-11-04 14:43:58\')')
 3 SYSTEMPATH\Database\BaseConnection.php(607): CodeIgniter\Database\BaseConnection->simpleQuery('INSERT INTO `bookings` (`user_id`, `car_id`, `start_date`, `end_date`, `pick_up_time`, `total_price`, `total_amount`, `down_payment_amount`, `payment_method`, `payment_status`, `status`, `created_at`, `updated_at`) VALUES (\'15\', \'17\', \'2025-11-06\', \'2025-11-10\', \'10:00:00\', 800, 800, 400, \'gcash\', \'partial\', \'pending\', \'2025-11-04 14:43:58\', \'2025-11-04 14:43:58\')')
 4 SYSTEMPATH\Database\BaseBuilder.php(2307): CodeIgniter\Database\BaseConnection->query('INSERT INTO `bookings` (`user_id`, `car_id`, `start_date`, `end_date`, `pick_up_time`, `total_price`, `total_amount`, `down_payment_amount`, `payment_method`, `payment_status`, `status`, `created_at`, `updated_at`) VALUES (:user_id:, :car_id:, :start_date:, :end_date:, :pick_up_time:, :total_price:, :total_amount:, :down_payment_amount:, :payment_method:, :payment_status:, :status:, :created_at:, :updated_at:)', [...], false)
 5 SYSTEMPATH\Model.php(326): CodeIgniter\Database\BaseBuilder->insert()
 6 SYSTEMPATH\BaseModel.php(802): CodeIgniter\Model->doInsert([...])
 7 SYSTEMPATH\Model.php(744): CodeIgniter\BaseModel->insert([...], true)
 8 APPPATH\Controllers\Customer.php(127): CodeIgniter\Model->insert([...])
 9 SYSTEMPATH\CodeIgniter.php(941): App\Controllers\Customer->createBooking()
10 SYSTEMPATH\CodeIgniter.php(502): CodeIgniter\CodeIgniter->runController(Object(App\Controllers\Customer))
11 SYSTEMPATH\CodeIgniter.php(361): CodeIgniter\CodeIgniter->handleRequest(null, Object(Config\Cache), false)
12 FCPATH\index.php(79): CodeIgniter\CodeIgniter->run()
13 SYSTEMPATH\Commands\Server\rewrite.php(47): require_once('C:\\Users\\timaj\\OneDrive\\Documents\\HiFi\\CAR-RENTAL\\car-rental-ci\\public\\index.php')
ERROR - 2025-11-04 14:55:59 --> mysqli_sql_exception: Unknown column 'updated_at' in 'field list' in C:\Users\timaj\OneDrive\Documents\HiFi\CAR-RENTAL\car-rental-ci\system\Database\MySQLi\Connection.php:306
Stack trace:
#0 C:\Users\timaj\OneDrive\Documents\HiFi\CAR-RENTAL\car-rental-ci\system\Database\MySQLi\Connection.php(306): mysqli->query('UPDATE `booking...', 0)
#1 C:\Users\timaj\OneDrive\Documents\HiFi\CAR-RENTAL\car-rental-ci\system\Database\BaseConnection.php(693): CodeIgniter\Database\MySQLi\Connection->execute('UPDATE `booking...')
#2 C:\Users\timaj\OneDrive\Documents\HiFi\CAR-RENTAL\car-rental-ci\system\Database\BaseConnection.php(607): CodeIgniter\Database\BaseConnection->simpleQuery('UPDATE `booking...')
#3 C:\Users\timaj\OneDrive\Documents\HiFi\CAR-RENTAL\car-rental-ci\system\Database\BaseBuilder.php(2474): CodeIgniter\Database\BaseConnection->query('UPDATE `booking...', Array, false)
#4 C:\Users\timaj\OneDrive\Documents\HiFi\CAR-RENTAL\car-rental-ci\system\Model.php(393): CodeIgniter\Database\BaseBuilder->update()
#5 C:\Users\timaj\OneDrive\Documents\HiFi\CAR-RENTAL\car-rental-ci\system\BaseModel.php(987): CodeIgniter\Model->doUpdate(Array, Array)
#6 C:\Users\timaj\OneDrive\Documents\HiFi\CAR-RENTAL\car-rental-ci\system\Model.php(807): CodeIgniter\BaseModel->update(Array, Array)
#7 C:\Users\timaj\OneDrive\Documents\HiFi\CAR-RENTAL\car-rental-ci\app\Controllers\Payment.php(121): CodeIgniter\Model->update('8', Array)
#8 C:\Users\timaj\OneDrive\Documents\HiFi\CAR-RENTAL\car-rental-ci\system\CodeIgniter.php(941): App\Controllers\Payment->processPayment()
#9 C:\Users\timaj\OneDrive\Documents\HiFi\CAR-RENTAL\car-rental-ci\system\CodeIgniter.php(502): CodeIgniter\CodeIgniter->runController(Object(App\Controllers\Payment))
#10 C:\Users\timaj\OneDrive\Documents\HiFi\CAR-RENTAL\car-rental-ci\system\CodeIgniter.php(361): CodeIgniter\CodeIgniter->handleRequest(NULL, Object(Config\Cache), false)
#11 C:\Users\timaj\OneDrive\Documents\HiFi\CAR-RENTAL\car-rental-ci\public\index.php(79): CodeIgniter\CodeIgniter->run()
#12 C:\Users\timaj\OneDrive\Documents\HiFi\CAR-RENTAL\car-rental-ci\system\Commands\Server\rewrite.php(47): require_once('C:\\Users\\timaj\\...')
#13 {main}
CRITICAL - 2025-11-04 14:55:59 --> CodeIgniter\Database\Exceptions\DatabaseException: Unknown column 'updated_at' in 'field list'
in SYSTEMPATH\Database\BaseConnection.php on line 647.
 1 SYSTEMPATH\Database\BaseBuilder.php(2474): CodeIgniter\Database\BaseConnection->query('UPDATE `bookings` SET `payment_method` = :payment_method:, `payment_reference` = :payment_reference:, `updated_at` = :updated_at:, `payment_status` = :payment_status:, `down_payment_amount` = :down_payment_amount:
WHERE `bookings`.`id` IN :bookings.id:', [...], false)
 2 SYSTEMPATH\Model.php(393): CodeIgniter\Database\BaseBuilder->update()
 3 SYSTEMPATH\BaseModel.php(987): CodeIgniter\Model->doUpdate([...], [...])
 4 SYSTEMPATH\Model.php(807): CodeIgniter\BaseModel->update([...], [...])
 5 APPPATH\Controllers\Payment.php(121): CodeIgniter\Model->update('8', [...])
 6 SYSTEMPATH\CodeIgniter.php(941): App\Controllers\Payment->processPayment()
 7 SYSTEMPATH\CodeIgniter.php(502): CodeIgniter\CodeIgniter->runController(Object(App\Controllers\Payment))
 8 SYSTEMPATH\CodeIgniter.php(361): CodeIgniter\CodeIgniter->handleRequest(null, Object(Config\Cache), false)
 9 FCPATH\index.php(79): CodeIgniter\CodeIgniter->run()
10 SYSTEMPATH\Commands\Server\rewrite.php(47): require_once('C:\\Users\\timaj\\OneDrive\\Documents\\HiFi\\CAR-RENTAL\\car-rental-ci\\public\\index.php')
CRITICAL - 2025-11-04 14:55:59 --> [Caused by] CodeIgniter\Database\Exceptions\DatabaseException: Unknown column 'updated_at' in 'field list'
in SYSTEMPATH\Database\MySQLi\Connection.php on line 311.
 1 SYSTEMPATH\Database\BaseConnection.php(693): CodeIgniter\Database\MySQLi\Connection->execute('UPDATE `bookings` SET `payment_method` = \'gcash\', `payment_reference` = \'GC202511041455593FD973\', `updated_at` = \'2025-11-04 14:55:59\', `payment_status` = \'partial\', `down_payment_amount` = 400
WHERE `bookings`.`id` IN (\'8\')')
 2 SYSTEMPATH\Database\BaseConnection.php(607): CodeIgniter\Database\BaseConnection->simpleQuery('UPDATE `bookings` SET `payment_method` = \'gcash\', `payment_reference` = \'GC202511041455593FD973\', `updated_at` = \'2025-11-04 14:55:59\', `payment_status` = \'partial\', `down_payment_amount` = 400
WHERE `bookings`.`id` IN (\'8\')')
 3 SYSTEMPATH\Database\BaseBuilder.php(2474): CodeIgniter\Database\BaseConnection->query('UPDATE `bookings` SET `payment_method` = :payment_method:, `payment_reference` = :payment_reference:, `updated_at` = :updated_at:, `payment_status` = :payment_status:, `down_payment_amount` = :down_payment_amount:
WHERE `bookings`.`id` IN :bookings.id:', [...], false)
 4 SYSTEMPATH\Model.php(393): CodeIgniter\Database\BaseBuilder->update()
 5 SYSTEMPATH\BaseModel.php(987): CodeIgniter\Model->doUpdate([...], [...])
 6 SYSTEMPATH\Model.php(807): CodeIgniter\BaseModel->update([...], [...])
 7 APPPATH\Controllers\Payment.php(121): CodeIgniter\Model->update('8', [...])
 8 SYSTEMPATH\CodeIgniter.php(941): App\Controllers\Payment->processPayment()
 9 SYSTEMPATH\CodeIgniter.php(502): CodeIgniter\CodeIgniter->runController(Object(App\Controllers\Payment))
10 SYSTEMPATH\CodeIgniter.php(361): CodeIgniter\CodeIgniter->handleRequest(null, Object(Config\Cache), false)
11 FCPATH\index.php(79): CodeIgniter\CodeIgniter->run()
12 SYSTEMPATH\Commands\Server\rewrite.php(47): require_once('C:\\Users\\timaj\\OneDrive\\Documents\\HiFi\\CAR-RENTAL\\car-rental-ci\\public\\index.php')
CRITICAL - 2025-11-04 14:55:59 --> [Caused by] mysqli_sql_exception: Unknown column 'updated_at' in 'field list'
in SYSTEMPATH\Database\MySQLi\Connection.php on line 306.
 1 SYSTEMPATH\Database\MySQLi\Connection.php(306): mysqli->query('UPDATE `bookings` SET `payment_method` = \'gcash\', `payment_reference` = \'GC202511041455593FD973\', `updated_at` = \'2025-11-04 14:55:59\', `payment_status` = \'partial\', `down_payment_amount` = 400
WHERE `bookings`.`id` IN (\'8\')', 0)
 2 SYSTEMPATH\Database\BaseConnection.php(693): CodeIgniter\Database\MySQLi\Connection->execute('UPDATE `bookings` SET `payment_method` = \'gcash\', `payment_reference` = \'GC202511041455593FD973\', `updated_at` = \'2025-11-04 14:55:59\', `payment_status` = \'partial\', `down_payment_amount` = 400
WHERE `bookings`.`id` IN (\'8\')')
 3 SYSTEMPATH\Database\BaseConnection.php(607): CodeIgniter\Database\BaseConnection->simpleQuery('UPDATE `bookings` SET `payment_method` = \'gcash\', `payment_reference` = \'GC202511041455593FD973\', `updated_at` = \'2025-11-04 14:55:59\', `payment_status` = \'partial\', `down_payment_amount` = 400
WHERE `bookings`.`id` IN (\'8\')')
 4 SYSTEMPATH\Database\BaseBuilder.php(2474): CodeIgniter\Database\BaseConnection->query('UPDATE `bookings` SET `payment_method` = :payment_method:, `payment_reference` = :payment_reference:, `updated_at` = :updated_at:, `payment_status` = :payment_status:, `down_payment_amount` = :down_payment_amount:
WHERE `bookings`.`id` IN :bookings.id:', [...], false)
 5 SYSTEMPATH\Model.php(393): CodeIgniter\Database\BaseBuilder->update()
 6 SYSTEMPATH\BaseModel.php(987): CodeIgniter\Model->doUpdate([...], [...])
 7 SYSTEMPATH\Model.php(807): CodeIgniter\BaseModel->update([...], [...])
 8 APPPATH\Controllers\Payment.php(121): CodeIgniter\Model->update('8', [...])
 9 SYSTEMPATH\CodeIgniter.php(941): App\Controllers\Payment->processPayment()
10 SYSTEMPATH\CodeIgniter.php(502): CodeIgniter\CodeIgniter->runController(Object(App\Controllers\Payment))
11 SYSTEMPATH\CodeIgniter.php(361): CodeIgniter\CodeIgniter->handleRequest(null, Object(Config\Cache), false)
12 FCPATH\index.php(79): CodeIgniter\CodeIgniter->run()
13 SYSTEMPATH\Commands\Server\rewrite.php(47): require_once('C:\\Users\\timaj\\OneDrive\\Documents\\HiFi\\CAR-RENTAL\\car-rental-ci\\public\\index.php')
ERROR - 2025-11-04 14:57:35 --> mysqli_sql_exception: Unknown column 'updated_at' in 'field list' in C:\Users\timaj\OneDrive\Documents\HiFi\CAR-RENTAL\car-rental-ci\system\Database\MySQLi\Connection.php:306
Stack trace:
#0 C:\Users\timaj\OneDrive\Documents\HiFi\CAR-RENTAL\car-rental-ci\system\Database\MySQLi\Connection.php(306): mysqli->query('UPDATE `booking...', 0)
#1 C:\Users\timaj\OneDrive\Documents\HiFi\CAR-RENTAL\car-rental-ci\system\Database\BaseConnection.php(693): CodeIgniter\Database\MySQLi\Connection->execute('UPDATE `booking...')
#2 C:\Users\timaj\OneDrive\Documents\HiFi\CAR-RENTAL\car-rental-ci\system\Database\BaseConnection.php(607): CodeIgniter\Database\BaseConnection->simpleQuery('UPDATE `booking...')
#3 C:\Users\timaj\OneDrive\Documents\HiFi\CAR-RENTAL\car-rental-ci\system\Database\BaseBuilder.php(2474): CodeIgniter\Database\BaseConnection->query('UPDATE `booking...', Array, false)
#4 C:\Users\timaj\OneDrive\Documents\HiFi\CAR-RENTAL\car-rental-ci\system\Model.php(393): CodeIgniter\Database\BaseBuilder->update()
#5 C:\Users\timaj\OneDrive\Documents\HiFi\CAR-RENTAL\car-rental-ci\system\BaseModel.php(987): CodeIgniter\Model->doUpdate(Array, Array)
#6 C:\Users\timaj\OneDrive\Documents\HiFi\CAR-RENTAL\car-rental-ci\system\Model.php(807): CodeIgniter\BaseModel->update(Array, Array)
#7 C:\Users\timaj\OneDrive\Documents\HiFi\CAR-RENTAL\car-rental-ci\app\Controllers\Payment.php(168): CodeIgniter\Model->update('8', Array)
#8 C:\Users\timaj\OneDrive\Documents\HiFi\CAR-RENTAL\car-rental-ci\system\CodeIgniter.php(941): App\Controllers\Payment->processPayment()
#9 C:\Users\timaj\OneDrive\Documents\HiFi\CAR-RENTAL\car-rental-ci\system\CodeIgniter.php(502): CodeIgniter\CodeIgniter->runController(Object(App\Controllers\Payment))
#10 C:\Users\timaj\OneDrive\Documents\HiFi\CAR-RENTAL\car-rental-ci\system\CodeIgniter.php(361): CodeIgniter\CodeIgniter->handleRequest(NULL, Object(Config\Cache), false)
#11 C:\Users\timaj\OneDrive\Documents\HiFi\CAR-RENTAL\car-rental-ci\public\index.php(79): CodeIgniter\CodeIgniter->run()
#12 C:\Users\timaj\OneDrive\Documents\HiFi\CAR-RENTAL\car-rental-ci\system\Commands\Server\rewrite.php(47): require_once('C:\\Users\\timaj\\...')
#13 {main}
CRITICAL - 2025-11-04 14:57:35 --> CodeIgniter\Database\Exceptions\DatabaseException: Unknown column 'updated_at' in 'field list'
in SYSTEMPATH\Database\BaseConnection.php on line 647.
 1 SYSTEMPATH\Database\BaseBuilder.php(2474): CodeIgniter\Database\BaseConnection->query('UPDATE `bookings` SET `updated_at` = :updated_at:, `payment_method` = :payment_method:, `payment_reference` = :payment_reference:, `payment_status` = :payment_status:
WHERE `bookings`.`id` IN :bookings.id:', [...], false)
 2 SYSTEMPATH\Model.php(393): CodeIgniter\Database\BaseBuilder->update()
 3 SYSTEMPATH\BaseModel.php(987): CodeIgniter\Model->doUpdate([...], [...])
 4 SYSTEMPATH\Model.php(807): CodeIgniter\BaseModel->update([...], [...])
 5 APPPATH\Controllers\Payment.php(168): CodeIgniter\Model->update('8', [...])
 6 SYSTEMPATH\CodeIgniter.php(941): App\Controllers\Payment->processPayment()
 7 SYSTEMPATH\CodeIgniter.php(502): CodeIgniter\CodeIgniter->runController(Object(App\Controllers\Payment))
 8 SYSTEMPATH\CodeIgniter.php(361): CodeIgniter\CodeIgniter->handleRequest(null, Object(Config\Cache), false)
 9 FCPATH\index.php(79): CodeIgniter\CodeIgniter->run()
10 SYSTEMPATH\Commands\Server\rewrite.php(47): require_once('C:\\Users\\timaj\\OneDrive\\Documents\\HiFi\\CAR-RENTAL\\car-rental-ci\\public\\index.php')
CRITICAL - 2025-11-04 14:57:35 --> [Caused by] CodeIgniter\Database\Exceptions\DatabaseException: Unknown column 'updated_at' in 'field list'
in SYSTEMPATH\Database\MySQLi\Connection.php on line 311.
 1 SYSTEMPATH\Database\BaseConnection.php(693): CodeIgniter\Database\MySQLi\Connection->execute('UPDATE `bookings` SET `updated_at` = \'2025-11-04 14:57:35\', `payment_method` = \'gcash\', `payment_reference` = \'GC2025110414573579B8FE\', `payment_status` = \'pending\'
WHERE `bookings`.`id` IN (\'8\')')
 2 SYSTEMPATH\Database\BaseConnection.php(607): CodeIgniter\Database\BaseConnection->simpleQuery('UPDATE `bookings` SET `updated_at` = \'2025-11-04 14:57:35\', `payment_method` = \'gcash\', `payment_reference` = \'GC2025110414573579B8FE\', `payment_status` = \'pending\'
WHERE `bookings`.`id` IN (\'8\')')
 3 SYSTEMPATH\Database\BaseBuilder.php(2474): CodeIgniter\Database\BaseConnection->query('UPDATE `bookings` SET `updated_at` = :updated_at:, `payment_method` = :payment_method:, `payment_reference` = :payment_reference:, `payment_status` = :payment_status:
WHERE `bookings`.`id` IN :bookings.id:', [...], false)
 4 SYSTEMPATH\Model.php(393): CodeIgniter\Database\BaseBuilder->update()
 5 SYSTEMPATH\BaseModel.php(987): CodeIgniter\Model->doUpdate([...], [...])
 6 SYSTEMPATH\Model.php(807): CodeIgniter\BaseModel->update([...], [...])
 7 APPPATH\Controllers\Payment.php(168): CodeIgniter\Model->update('8', [...])
 8 SYSTEMPATH\CodeIgniter.php(941): App\Controllers\Payment->processPayment()
 9 SYSTEMPATH\CodeIgniter.php(502): CodeIgniter\CodeIgniter->runController(Object(App\Controllers\Payment))
10 SYSTEMPATH\CodeIgniter.php(361): CodeIgniter\CodeIgniter->handleRequest(null, Object(Config\Cache), false)
11 FCPATH\index.php(79): CodeIgniter\CodeIgniter->run()
12 SYSTEMPATH\Commands\Server\rewrite.php(47): require_once('C:\\Users\\timaj\\OneDrive\\Documents\\HiFi\\CAR-RENTAL\\car-rental-ci\\public\\index.php')
CRITICAL - 2025-11-04 14:57:35 --> [Caused by] mysqli_sql_exception: Unknown column 'updated_at' in 'field list'
in SYSTEMPATH\Database\MySQLi\Connection.php on line 306.
 1 SYSTEMPATH\Database\MySQLi\Connection.php(306): mysqli->query('UPDATE `bookings` SET `updated_at` = \'2025-11-04 14:57:35\', `payment_method` = \'gcash\', `payment_reference` = \'GC2025110414573579B8FE\', `payment_status` = \'pending\'
WHERE `bookings`.`id` IN (\'8\')', 0)
 2 SYSTEMPATH\Database\BaseConnection.php(693): CodeIgniter\Database\MySQLi\Connection->execute('UPDATE `bookings` SET `updated_at` = \'2025-11-04 14:57:35\', `payment_method` = \'gcash\', `payment_reference` = \'GC2025110414573579B8FE\', `payment_status` = \'pending\'
WHERE `bookings`.`id` IN (\'8\')')
 3 SYSTEMPATH\Database\BaseConnection.php(607): CodeIgniter\Database\BaseConnection->simpleQuery('UPDATE `bookings` SET `updated_at` = \'2025-11-04 14:57:35\', `payment_method` = \'gcash\', `payment_reference` = \'GC2025110414573579B8FE\', `payment_status` = \'pending\'
WHERE `bookings`.`id` IN (\'8\')')
 4 SYSTEMPATH\Database\BaseBuilder.php(2474): CodeIgniter\Database\BaseConnection->query('UPDATE `bookings` SET `updated_at` = :updated_at:, `payment_method` = :payment_method:, `payment_reference` = :payment_reference:, `payment_status` = :payment_status:
WHERE `bookings`.`id` IN :bookings.id:', [...], false)
 5 SYSTEMPATH\Model.php(393): CodeIgniter\Database\BaseBuilder->update()
 6 SYSTEMPATH\BaseModel.php(987): CodeIgniter\Model->doUpdate([...], [...])
 7 SYSTEMPATH\Model.php(807): CodeIgniter\BaseModel->update([...], [...])
 8 APPPATH\Controllers\Payment.php(168): CodeIgniter\Model->update('8', [...])
 9 SYSTEMPATH\CodeIgniter.php(941): App\Controllers\Payment->processPayment()
10 SYSTEMPATH\CodeIgniter.php(502): CodeIgniter\CodeIgniter->runController(Object(App\Controllers\Payment))
11 SYSTEMPATH\CodeIgniter.php(361): CodeIgniter\CodeIgniter->handleRequest(null, Object(Config\Cache), false)
12 FCPATH\index.php(79): CodeIgniter\CodeIgniter->run()
13 SYSTEMPATH\Commands\Server\rewrite.php(47): require_once('C:\\Users\\timaj\\OneDrive\\Documents\\HiFi\\CAR-RENTAL\\car-rental-ci\\public\\index.php')
ERROR - 2025-11-04 15:58:54 --> mysqli_sql_exception: Table 'car_rental_db.activity_logs' doesn't exist in C:\Users\timaj\OneDrive\Documents\HiFi\CAR-RENTAL\car-rental-ci\system\Database\MySQLi\Connection.php:306
Stack trace:
#0 C:\Users\timaj\OneDrive\Documents\HiFi\CAR-RENTAL\car-rental-ci\system\Database\MySQLi\Connection.php(306): mysqli->query('INSERT INTO `ac...', 0)
#1 C:\Users\timaj\OneDrive\Documents\HiFi\CAR-RENTAL\car-rental-ci\system\Database\BaseConnection.php(693): CodeIgniter\Database\MySQLi\Connection->execute('INSERT INTO `ac...')
#2 C:\Users\timaj\OneDrive\Documents\HiFi\CAR-RENTAL\car-rental-ci\system\Database\BaseConnection.php(607): CodeIgniter\Database\BaseConnection->simpleQuery('INSERT INTO `ac...')
#3 C:\Users\timaj\OneDrive\Documents\HiFi\CAR-RENTAL\car-rental-ci\system\Database\BaseBuilder.php(2307): CodeIgniter\Database\BaseConnection->query('INSERT INTO `ac...', Array, false)
#4 C:\Users\timaj\OneDrive\Documents\HiFi\CAR-RENTAL\car-rental-ci\system\Model.php(326): CodeIgniter\Database\BaseBuilder->insert()
#5 C:\Users\timaj\OneDrive\Documents\HiFi\CAR-RENTAL\car-rental-ci\system\BaseModel.php(802): CodeIgniter\Model->doInsert(Array)
#6 C:\Users\timaj\OneDrive\Documents\HiFi\CAR-RENTAL\car-rental-ci\system\Model.php(744): CodeIgniter\BaseModel->insert(Array, true)
#7 C:\Users\timaj\OneDrive\Documents\HiFi\CAR-RENTAL\car-rental-ci\app\Libraries\ActivityLogService.php(52): CodeIgniter\Model->insert(Array)
#8 C:\Users\timaj\OneDrive\Documents\HiFi\CAR-RENTAL\car-rental-ci\app\Libraries\ActivityLogService.php(63): App\Libraries\ActivityLogService->log('view_dashboard', 'Customer viewed...', '15', 'customer')
#9 C:\Users\timaj\OneDrive\Documents\HiFi\CAR-RENTAL\car-rental-ci\app\Controllers\Customer.php(62): App\Libraries\ActivityLogService->logCustomerDashboardView('15')
#10 C:\Users\timaj\OneDrive\Documents\HiFi\CAR-RENTAL\car-rental-ci\system\CodeIgniter.php(941): App\Controllers\Customer->index()
#11 C:\Users\timaj\OneDrive\Documents\HiFi\CAR-RENTAL\car-rental-ci\system\CodeIgniter.php(502): CodeIgniter\CodeIgniter->runController(Object(App\Controllers\Customer))
#12 C:\Users\timaj\OneDrive\Documents\HiFi\CAR-RENTAL\car-rental-ci\system\CodeIgniter.php(361): CodeIgniter\CodeIgniter->handleRequest(NULL, Object(Config\Cache), false)
#13 C:\Users\timaj\OneDrive\Documents\HiFi\CAR-RENTAL\car-rental-ci\public\index.php(79): CodeIgniter\CodeIgniter->run()
#14 C:\Users\timaj\OneDrive\Documents\HiFi\CAR-RENTAL\car-rental-ci\system\Commands\Server\rewrite.php(47): require_once('C:\\Users\\timaj\\...')
#15 {main}
CRITICAL - 2025-11-04 15:58:54 --> CodeIgniter\Database\Exceptions\DatabaseException: Table 'car_rental_db.activity_logs' doesn't exist
in SYSTEMPATH\Database\BaseConnection.php on line 647.
 1 SYSTEMPATH\Database\BaseBuilder.php(2307): CodeIgniter\Database\BaseConnection->query('INSERT INTO `activity_logs` (`user_id`, `user_type`, `action`, `description`, `ip_address`, `user_agent`, `related_id`, `related_type`, `metadata`, `created_at`) VALUES (:user_id:, :user_type:, :action:, :description:, :ip_address:, :user_agent:, :related_id:, :related_type:, :metadata:, :created_at:)', [...], false)
 2 SYSTEMPATH\Model.php(326): CodeIgniter\Database\BaseBuilder->insert()
 3 SYSTEMPATH\BaseModel.php(802): CodeIgniter\Model->doInsert([...])
 4 SYSTEMPATH\Model.php(744): CodeIgniter\BaseModel->insert([...], true)
 5 APPPATH\Libraries\ActivityLogService.php(52): CodeIgniter\Model->insert([...])
 6 APPPATH\Libraries\ActivityLogService.php(63): App\Libraries\ActivityLogService->log('view_dashboard', 'Customer viewed dashboard', '15', 'customer')
 7 APPPATH\Controllers\Customer.php(62): App\Libraries\ActivityLogService->logCustomerDashboardView('15')
 8 SYSTEMPATH\CodeIgniter.php(941): App\Controllers\Customer->index()
 9 SYSTEMPATH\CodeIgniter.php(502): CodeIgniter\CodeIgniter->runController(Object(App\Controllers\Customer))
10 SYSTEMPATH\CodeIgniter.php(361): CodeIgniter\CodeIgniter->handleRequest(null, Object(Config\Cache), false)
11 FCPATH\index.php(79): CodeIgniter\CodeIgniter->run()
12 SYSTEMPATH\Commands\Server\rewrite.php(47): require_once('C:\\Users\\timaj\\OneDrive\\Documents\\HiFi\\CAR-RENTAL\\car-rental-ci\\public\\index.php')
CRITICAL - 2025-11-04 15:58:54 --> [Caused by] CodeIgniter\Database\Exceptions\DatabaseException: Table 'car_rental_db.activity_logs' doesn't exist
in SYSTEMPATH\Database\MySQLi\Connection.php on line 311.
 1 SYSTEMPATH\Database\BaseConnection.php(693): CodeIgniter\Database\MySQLi\Connection->execute('INSERT INTO `activity_logs` (`user_id`, `user_type`, `action`, `description`, `ip_address`, `user_agent`, `related_id`, `related_type`, `metadata`, `created_at`) VALUES (\'15\', \'customer\', \'view_dashboard\', \'Customer viewed dashboard\', \'::1\', \'Mozilla/5.0 (Windows NT 10.0; Win64; x64) AppleWebKit/537.36 (KHTML, like Gecko) Chrome/141.0.0.0 Safari/537.36\', NULL, NULL, NULL, \'2025-11-04 15:58:54\')')
 2 SYSTEMPATH\Database\BaseConnection.php(607): CodeIgniter\Database\BaseConnection->simpleQuery('INSERT INTO `activity_logs` (`user_id`, `user_type`, `action`, `description`, `ip_address`, `user_agent`, `related_id`, `related_type`, `metadata`, `created_at`) VALUES (\'15\', \'customer\', \'view_dashboard\', \'Customer viewed dashboard\', \'::1\', \'Mozilla/5.0 (Windows NT 10.0; Win64; x64) AppleWebKit/537.36 (KHTML, like Gecko) Chrome/141.0.0.0 Safari/537.36\', NULL, NULL, NULL, \'2025-11-04 15:58:54\')')
 3 SYSTEMPATH\Database\BaseBuilder.php(2307): CodeIgniter\Database\BaseConnection->query('INSERT INTO `activity_logs` (`user_id`, `user_type`, `action`, `description`, `ip_address`, `user_agent`, `related_id`, `related_type`, `metadata`, `created_at`) VALUES (:user_id:, :user_type:, :action:, :description:, :ip_address:, :user_agent:, :related_id:, :related_type:, :metadata:, :created_at:)', [...], false)
 4 SYSTEMPATH\Model.php(326): CodeIgniter\Database\BaseBuilder->insert()
 5 SYSTEMPATH\BaseModel.php(802): CodeIgniter\Model->doInsert([...])
 6 SYSTEMPATH\Model.php(744): CodeIgniter\BaseModel->insert([...], true)
 7 APPPATH\Libraries\ActivityLogService.php(52): CodeIgniter\Model->insert([...])
 8 APPPATH\Libraries\ActivityLogService.php(63): App\Libraries\ActivityLogService->log('view_dashboard', 'Customer viewed dashboard', '15', 'customer')
 9 APPPATH\Controllers\Customer.php(62): App\Libraries\ActivityLogService->logCustomerDashboardView('15')
10 SYSTEMPATH\CodeIgniter.php(941): App\Controllers\Customer->index()
11 SYSTEMPATH\CodeIgniter.php(502): CodeIgniter\CodeIgniter->runController(Object(App\Controllers\Customer))
12 SYSTEMPATH\CodeIgniter.php(361): CodeIgniter\CodeIgniter->handleRequest(null, Object(Config\Cache), false)
13 FCPATH\index.php(79): CodeIgniter\CodeIgniter->run()
14 SYSTEMPATH\Commands\Server\rewrite.php(47): require_once('C:\\Users\\timaj\\OneDrive\\Documents\\HiFi\\CAR-RENTAL\\car-rental-ci\\public\\index.php')
CRITICAL - 2025-11-04 15:58:54 --> [Caused by] mysqli_sql_exception: Table 'car_rental_db.activity_logs' doesn't exist
in SYSTEMPATH\Database\MySQLi\Connection.php on line 306.
 1 SYSTEMPATH\Database\MySQLi\Connection.php(306): mysqli->query('INSERT INTO `activity_logs` (`user_id`, `user_type`, `action`, `description`, `ip_address`, `user_agent`, `related_id`, `related_type`, `metadata`, `created_at`) VALUES (\'15\', \'customer\', \'view_dashboard\', \'Customer viewed dashboard\', \'::1\', \'Mozilla/5.0 (Windows NT 10.0; Win64; x64) AppleWebKit/537.36 (KHTML, like Gecko) Chrome/141.0.0.0 Safari/537.36\', NULL, NULL, NULL, \'2025-11-04 15:58:54\')', 0)
 2 SYSTEMPATH\Database\BaseConnection.php(693): CodeIgniter\Database\MySQLi\Connection->execute('INSERT INTO `activity_logs` (`user_id`, `user_type`, `action`, `description`, `ip_address`, `user_agent`, `related_id`, `related_type`, `metadata`, `created_at`) VALUES (\'15\', \'customer\', \'view_dashboard\', \'Customer viewed dashboard\', \'::1\', \'Mozilla/5.0 (Windows NT 10.0; Win64; x64) AppleWebKit/537.36 (KHTML, like Gecko) Chrome/141.0.0.0 Safari/537.36\', NULL, NULL, NULL, \'2025-11-04 15:58:54\')')
 3 SYSTEMPATH\Database\BaseConnection.php(607): CodeIgniter\Database\BaseConnection->simpleQuery('INSERT INTO `activity_logs` (`user_id`, `user_type`, `action`, `description`, `ip_address`, `user_agent`, `related_id`, `related_type`, `metadata`, `created_at`) VALUES (\'15\', \'customer\', \'view_dashboard\', \'Customer viewed dashboard\', \'::1\', \'Mozilla/5.0 (Windows NT 10.0; Win64; x64) AppleWebKit/537.36 (KHTML, like Gecko) Chrome/141.0.0.0 Safari/537.36\', NULL, NULL, NULL, \'2025-11-04 15:58:54\')')
 4 SYSTEMPATH\Database\BaseBuilder.php(2307): CodeIgniter\Database\BaseConnection->query('INSERT INTO `activity_logs` (`user_id`, `user_type`, `action`, `description`, `ip_address`, `user_agent`, `related_id`, `related_type`, `metadata`, `created_at`) VALUES (:user_id:, :user_type:, :action:, :description:, :ip_address:, :user_agent:, :related_id:, :related_type:, :metadata:, :created_at:)', [...], false)
 5 SYSTEMPATH\Model.php(326): CodeIgniter\Database\BaseBuilder->insert()
 6 SYSTEMPATH\BaseModel.php(802): CodeIgniter\Model->doInsert([...])
 7 SYSTEMPATH\Model.php(744): CodeIgniter\BaseModel->insert([...], true)
 8 APPPATH\Libraries\ActivityLogService.php(52): CodeIgniter\Model->insert([...])
 9 APPPATH\Libraries\ActivityLogService.php(63): App\Libraries\ActivityLogService->log('view_dashboard', 'Customer viewed dashboard', '15', 'customer')
10 APPPATH\Controllers\Customer.php(62): App\Libraries\ActivityLogService->logCustomerDashboardView('15')
11 SYSTEMPATH\CodeIgniter.php(941): App\Controllers\Customer->index()
12 SYSTEMPATH\CodeIgniter.php(502): CodeIgniter\CodeIgniter->runController(Object(App\Controllers\Customer))
13 SYSTEMPATH\CodeIgniter.php(361): CodeIgniter\CodeIgniter->handleRequest(null, Object(Config\Cache), false)
14 FCPATH\index.php(79): CodeIgniter\CodeIgniter->run()
15 SYSTEMPATH\Commands\Server\rewrite.php(47): require_once('C:\\Users\\timaj\\OneDrive\\Documents\\HiFi\\CAR-RENTAL\\car-rental-ci\\public\\index.php')
ERROR - 2025-11-04 15:58:57 --> mysqli_sql_exception: Table 'car_rental_db.activity_logs' doesn't exist in C:\Users\timaj\OneDrive\Documents\HiFi\CAR-RENTAL\car-rental-ci\system\Database\MySQLi\Connection.php:306
Stack trace:
#0 C:\Users\timaj\OneDrive\Documents\HiFi\CAR-RENTAL\car-rental-ci\system\Database\MySQLi\Connection.php(306): mysqli->query('INSERT INTO `ac...', 0)
#1 C:\Users\timaj\OneDrive\Documents\HiFi\CAR-RENTAL\car-rental-ci\system\Database\BaseConnection.php(693): CodeIgniter\Database\MySQLi\Connection->execute('INSERT INTO `ac...')
#2 C:\Users\timaj\OneDrive\Documents\HiFi\CAR-RENTAL\car-rental-ci\system\Database\BaseConnection.php(607): CodeIgniter\Database\BaseConnection->simpleQuery('INSERT INTO `ac...')
#3 C:\Users\timaj\OneDrive\Documents\HiFi\CAR-RENTAL\car-rental-ci\system\Database\BaseBuilder.php(2307): CodeIgniter\Database\BaseConnection->query('INSERT INTO `ac...', Array, false)
#4 C:\Users\timaj\OneDrive\Documents\HiFi\CAR-RENTAL\car-rental-ci\system\Model.php(326): CodeIgniter\Database\BaseBuilder->insert()
#5 C:\Users\timaj\OneDrive\Documents\HiFi\CAR-RENTAL\car-rental-ci\system\BaseModel.php(802): CodeIgniter\Model->doInsert(Array)
#6 C:\Users\timaj\OneDrive\Documents\HiFi\CAR-RENTAL\car-rental-ci\system\Model.php(744): CodeIgniter\BaseModel->insert(Array, true)
#7 C:\Users\timaj\OneDrive\Documents\HiFi\CAR-RENTAL\car-rental-ci\app\Libraries\ActivityLogService.php(52): CodeIgniter\Model->insert(Array)
#8 C:\Users\timaj\OneDrive\Documents\HiFi\CAR-RENTAL\car-rental-ci\app\Libraries\ActivityLogService.php(63): App\Libraries\ActivityLogService->log('view_dashboard', 'Customer viewed...', '15', 'customer')
#9 C:\Users\timaj\OneDrive\Documents\HiFi\CAR-RENTAL\car-rental-ci\app\Controllers\Customer.php(62): App\Libraries\ActivityLogService->logCustomerDashboardView('15')
#10 C:\Users\timaj\OneDrive\Documents\HiFi\CAR-RENTAL\car-rental-ci\system\CodeIgniter.php(941): App\Controllers\Customer->index()
#11 C:\Users\timaj\OneDrive\Documents\HiFi\CAR-RENTAL\car-rental-ci\system\CodeIgniter.php(502): CodeIgniter\CodeIgniter->runController(Object(App\Controllers\Customer))
#12 C:\Users\timaj\OneDrive\Documents\HiFi\CAR-RENTAL\car-rental-ci\system\CodeIgniter.php(361): CodeIgniter\CodeIgniter->handleRequest(NULL, Object(Config\Cache), false)
#13 C:\Users\timaj\OneDrive\Documents\HiFi\CAR-RENTAL\car-rental-ci\public\index.php(79): CodeIgniter\CodeIgniter->run()
#14 C:\Users\timaj\OneDrive\Documents\HiFi\CAR-RENTAL\car-rental-ci\system\Commands\Server\rewrite.php(47): require_once('C:\\Users\\timaj\\...')
#15 {main}
CRITICAL - 2025-11-04 15:58:57 --> CodeIgniter\Database\Exceptions\DatabaseException: Table 'car_rental_db.activity_logs' doesn't exist
in SYSTEMPATH\Database\BaseConnection.php on line 647.
 1 SYSTEMPATH\Database\BaseBuilder.php(2307): CodeIgniter\Database\BaseConnection->query('INSERT INTO `activity_logs` (`user_id`, `user_type`, `action`, `description`, `ip_address`, `user_agent`, `related_id`, `related_type`, `metadata`, `created_at`) VALUES (:user_id:, :user_type:, :action:, :description:, :ip_address:, :user_agent:, :related_id:, :related_type:, :metadata:, :created_at:)', [...], false)
 2 SYSTEMPATH\Model.php(326): CodeIgniter\Database\BaseBuilder->insert()
 3 SYSTEMPATH\BaseModel.php(802): CodeIgniter\Model->doInsert([...])
 4 SYSTEMPATH\Model.php(744): CodeIgniter\BaseModel->insert([...], true)
 5 APPPATH\Libraries\ActivityLogService.php(52): CodeIgniter\Model->insert([...])
 6 APPPATH\Libraries\ActivityLogService.php(63): App\Libraries\ActivityLogService->log('view_dashboard', 'Customer viewed dashboard', '15', 'customer')
 7 APPPATH\Controllers\Customer.php(62): App\Libraries\ActivityLogService->logCustomerDashboardView('15')
 8 SYSTEMPATH\CodeIgniter.php(941): App\Controllers\Customer->index()
 9 SYSTEMPATH\CodeIgniter.php(502): CodeIgniter\CodeIgniter->runController(Object(App\Controllers\Customer))
10 SYSTEMPATH\CodeIgniter.php(361): CodeIgniter\CodeIgniter->handleRequest(null, Object(Config\Cache), false)
11 FCPATH\index.php(79): CodeIgniter\CodeIgniter->run()
12 SYSTEMPATH\Commands\Server\rewrite.php(47): require_once('C:\\Users\\timaj\\OneDrive\\Documents\\HiFi\\CAR-RENTAL\\car-rental-ci\\public\\index.php')
CRITICAL - 2025-11-04 15:58:57 --> [Caused by] CodeIgniter\Database\Exceptions\DatabaseException: Table 'car_rental_db.activity_logs' doesn't exist
in SYSTEMPATH\Database\MySQLi\Connection.php on line 311.
 1 SYSTEMPATH\Database\BaseConnection.php(693): CodeIgniter\Database\MySQLi\Connection->execute('INSERT INTO `activity_logs` (`user_id`, `user_type`, `action`, `description`, `ip_address`, `user_agent`, `related_id`, `related_type`, `metadata`, `created_at`) VALUES (\'15\', \'customer\', \'view_dashboard\', \'Customer viewed dashboard\', \'::1\', \'Mozilla/5.0 (Windows NT 10.0; Win64; x64) AppleWebKit/537.36 (KHTML, like Gecko) Chrome/141.0.0.0 Safari/537.36\', NULL, NULL, NULL, \'2025-11-04 15:58:57\')')
 2 SYSTEMPATH\Database\BaseConnection.php(607): CodeIgniter\Database\BaseConnection->simpleQuery('INSERT INTO `activity_logs` (`user_id`, `user_type`, `action`, `description`, `ip_address`, `user_agent`, `related_id`, `related_type`, `metadata`, `created_at`) VALUES (\'15\', \'customer\', \'view_dashboard\', \'Customer viewed dashboard\', \'::1\', \'Mozilla/5.0 (Windows NT 10.0; Win64; x64) AppleWebKit/537.36 (KHTML, like Gecko) Chrome/141.0.0.0 Safari/537.36\', NULL, NULL, NULL, \'2025-11-04 15:58:57\')')
 3 SYSTEMPATH\Database\BaseBuilder.php(2307): CodeIgniter\Database\BaseConnection->query('INSERT INTO `activity_logs` (`user_id`, `user_type`, `action`, `description`, `ip_address`, `user_agent`, `related_id`, `related_type`, `metadata`, `created_at`) VALUES (:user_id:, :user_type:, :action:, :description:, :ip_address:, :user_agent:, :related_id:, :related_type:, :metadata:, :created_at:)', [...], false)
 4 SYSTEMPATH\Model.php(326): CodeIgniter\Database\BaseBuilder->insert()
 5 SYSTEMPATH\BaseModel.php(802): CodeIgniter\Model->doInsert([...])
 6 SYSTEMPATH\Model.php(744): CodeIgniter\BaseModel->insert([...], true)
 7 APPPATH\Libraries\ActivityLogService.php(52): CodeIgniter\Model->insert([...])
 8 APPPATH\Libraries\ActivityLogService.php(63): App\Libraries\ActivityLogService->log('view_dashboard', 'Customer viewed dashboard', '15', 'customer')
 9 APPPATH\Controllers\Customer.php(62): App\Libraries\ActivityLogService->logCustomerDashboardView('15')
10 SYSTEMPATH\CodeIgniter.php(941): App\Controllers\Customer->index()
11 SYSTEMPATH\CodeIgniter.php(502): CodeIgniter\CodeIgniter->runController(Object(App\Controllers\Customer))
12 SYSTEMPATH\CodeIgniter.php(361): CodeIgniter\CodeIgniter->handleRequest(null, Object(Config\Cache), false)
13 FCPATH\index.php(79): CodeIgniter\CodeIgniter->run()
14 SYSTEMPATH\Commands\Server\rewrite.php(47): require_once('C:\\Users\\timaj\\OneDrive\\Documents\\HiFi\\CAR-RENTAL\\car-rental-ci\\public\\index.php')
CRITICAL - 2025-11-04 15:58:57 --> [Caused by] mysqli_sql_exception: Table 'car_rental_db.activity_logs' doesn't exist
in SYSTEMPATH\Database\MySQLi\Connection.php on line 306.
 1 SYSTEMPATH\Database\MySQLi\Connection.php(306): mysqli->query('INSERT INTO `activity_logs` (`user_id`, `user_type`, `action`, `description`, `ip_address`, `user_agent`, `related_id`, `related_type`, `metadata`, `created_at`) VALUES (\'15\', \'customer\', \'view_dashboard\', \'Customer viewed dashboard\', \'::1\', \'Mozilla/5.0 (Windows NT 10.0; Win64; x64) AppleWebKit/537.36 (KHTML, like Gecko) Chrome/141.0.0.0 Safari/537.36\', NULL, NULL, NULL, \'2025-11-04 15:58:57\')', 0)
 2 SYSTEMPATH\Database\BaseConnection.php(693): CodeIgniter\Database\MySQLi\Connection->execute('INSERT INTO `activity_logs` (`user_id`, `user_type`, `action`, `description`, `ip_address`, `user_agent`, `related_id`, `related_type`, `metadata`, `created_at`) VALUES (\'15\', \'customer\', \'view_dashboard\', \'Customer viewed dashboard\', \'::1\', \'Mozilla/5.0 (Windows NT 10.0; Win64; x64) AppleWebKit/537.36 (KHTML, like Gecko) Chrome/141.0.0.0 Safari/537.36\', NULL, NULL, NULL, \'2025-11-04 15:58:57\')')
 3 SYSTEMPATH\Database\BaseConnection.php(607): CodeIgniter\Database\BaseConnection->simpleQuery('INSERT INTO `activity_logs` (`user_id`, `user_type`, `action`, `description`, `ip_address`, `user_agent`, `related_id`, `related_type`, `metadata`, `created_at`) VALUES (\'15\', \'customer\', \'view_dashboard\', \'Customer viewed dashboard\', \'::1\', \'Mozilla/5.0 (Windows NT 10.0; Win64; x64) AppleWebKit/537.36 (KHTML, like Gecko) Chrome/141.0.0.0 Safari/537.36\', NULL, NULL, NULL, \'2025-11-04 15:58:57\')')
 4 SYSTEMPATH\Database\BaseBuilder.php(2307): CodeIgniter\Database\BaseConnection->query('INSERT INTO `activity_logs` (`user_id`, `user_type`, `action`, `description`, `ip_address`, `user_agent`, `related_id`, `related_type`, `metadata`, `created_at`) VALUES (:user_id:, :user_type:, :action:, :description:, :ip_address:, :user_agent:, :related_id:, :related_type:, :metadata:, :created_at:)', [...], false)
 5 SYSTEMPATH\Model.php(326): CodeIgniter\Database\BaseBuilder->insert()
 6 SYSTEMPATH\BaseModel.php(802): CodeIgniter\Model->doInsert([...])
 7 SYSTEMPATH\Model.php(744): CodeIgniter\BaseModel->insert([...], true)
 8 APPPATH\Libraries\ActivityLogService.php(52): CodeIgniter\Model->insert([...])
 9 APPPATH\Libraries\ActivityLogService.php(63): App\Libraries\ActivityLogService->log('view_dashboard', 'Customer viewed dashboard', '15', 'customer')
10 APPPATH\Controllers\Customer.php(62): App\Libraries\ActivityLogService->logCustomerDashboardView('15')
11 SYSTEMPATH\CodeIgniter.php(941): App\Controllers\Customer->index()
12 SYSTEMPATH\CodeIgniter.php(502): CodeIgniter\CodeIgniter->runController(Object(App\Controllers\Customer))
13 SYSTEMPATH\CodeIgniter.php(361): CodeIgniter\CodeIgniter->handleRequest(null, Object(Config\Cache), false)
14 FCPATH\index.php(79): CodeIgniter\CodeIgniter->run()
15 SYSTEMPATH\Commands\Server\rewrite.php(47): require_once('C:\\Users\\timaj\\OneDrive\\Documents\\HiFi\\CAR-RENTAL\\car-rental-ci\\public\\index.php')
ERROR - 2025-11-04 16:01:05 --> mysqli_sql_exception: Unknown column 'namespace' in 'where clause' in C:\Users\timaj\OneDrive\Documents\HiFi\CAR-RENTAL\car-rental-ci\system\Database\MySQLi\Connection.php:306
Stack trace:
#0 C:\Users\timaj\OneDrive\Documents\HiFi\CAR-RENTAL\car-rental-ci\system\Database\MySQLi\Connection.php(306): mysqli->query('SELECT *\nFROM `...', 0)
#1 C:\Users\timaj\OneDrive\Documents\HiFi\CAR-RENTAL\car-rental-ci\system\Database\BaseConnection.php(693): CodeIgniter\Database\MySQLi\Connection->execute('SELECT *\nFROM `...')
#2 C:\Users\timaj\OneDrive\Documents\HiFi\CAR-RENTAL\car-rental-ci\system\Database\BaseConnection.php(607): CodeIgniter\Database\BaseConnection->simpleQuery('SELECT *\nFROM `...')
#3 C:\Users\timaj\OneDrive\Documents\HiFi\CAR-RENTAL\car-rental-ci\system\Database\BaseBuilder.php(1616): CodeIgniter\Database\BaseConnection->query('SELECT *\nFROM `...', Array, false)
#4 C:\Users\timaj\OneDrive\Documents\HiFi\CAR-RENTAL\car-rental-ci\system\Database\MigrationRunner.php(651): CodeIgniter\Database\BaseBuilder->get()
#5 C:\Users\timaj\OneDrive\Documents\HiFi\CAR-RENTAL\car-rental-ci\system\Database\MigrationRunner.php(174): CodeIgniter\Database\MigrationRunner->getHistory('')
#6 C:\Users\timaj\OneDrive\Documents\HiFi\CAR-RENTAL\car-rental-ci\system\Commands\Database\Migrate.php(84): CodeIgniter\Database\MigrationRunner->latest(NULL)
#7 C:\Users\timaj\OneDrive\Documents\HiFi\CAR-RENTAL\car-rental-ci\system\CLI\Commands.php(65): CodeIgniter\Commands\Database\Migrate->run(Array)
#8 C:\Users\timaj\OneDrive\Documents\HiFi\CAR-RENTAL\car-rental-ci\system\CLI\Console.php(46): CodeIgniter\CLI\Commands->run('migrate', Array)
#9 C:\Users\timaj\OneDrive\Documents\HiFi\CAR-RENTAL\car-rental-ci\spark(102): CodeIgniter\CLI\Console->run()
#10 {main}
ERROR - 2025-11-04 16:01:26 --> mysqli_sql_exception: Unknown column 'namespace' in 'where clause' in C:\Users\timaj\OneDrive\Documents\HiFi\CAR-RENTAL\car-rental-ci\system\Database\MySQLi\Connection.php:306
Stack trace:
#0 C:\Users\timaj\OneDrive\Documents\HiFi\CAR-RENTAL\car-rental-ci\system\Database\MySQLi\Connection.php(306): mysqli->query('SELECT *\nFROM `...', 0)
#1 C:\Users\timaj\OneDrive\Documents\HiFi\CAR-RENTAL\car-rental-ci\system\Database\BaseConnection.php(693): CodeIgniter\Database\MySQLi\Connection->execute('SELECT *\nFROM `...')
#2 C:\Users\timaj\OneDrive\Documents\HiFi\CAR-RENTAL\car-rental-ci\system\Database\BaseConnection.php(607): CodeIgniter\Database\BaseConnection->simpleQuery('SELECT *\nFROM `...')
#3 C:\Users\timaj\OneDrive\Documents\HiFi\CAR-RENTAL\car-rental-ci\system\Database\BaseBuilder.php(1616): CodeIgniter\Database\BaseConnection->query('SELECT *\nFROM `...', Array, false)
#4 C:\Users\timaj\OneDrive\Documents\HiFi\CAR-RENTAL\car-rental-ci\system\Database\MigrationRunner.php(651): CodeIgniter\Database\BaseBuilder->get()
#5 C:\Users\timaj\OneDrive\Documents\HiFi\CAR-RENTAL\car-rental-ci\system\Database\MigrationRunner.php(174): CodeIgniter\Database\MigrationRunner->getHistory('')
#6 C:\Users\timaj\OneDrive\Documents\HiFi\CAR-RENTAL\car-rental-ci\system\Commands\Database\Migrate.php(84): CodeIgniter\Database\MigrationRunner->latest(NULL)
#7 C:\Users\timaj\OneDrive\Documents\HiFi\CAR-RENTAL\car-rental-ci\system\CLI\Commands.php(65): CodeIgniter\Commands\Database\Migrate->run(Array)
#8 C:\Users\timaj\OneDrive\Documents\HiFi\CAR-RENTAL\car-rental-ci\system\CLI\Console.php(46): CodeIgniter\CLI\Commands->run('migrate', Array)
#9 C:\Users\timaj\OneDrive\Documents\HiFi\CAR-RENTAL\car-rental-ci\spark(102): CodeIgniter\CLI\Console->run()
#10 {main}
ERROR - 2025-11-04 16:14:41 --> mysqli_sql_exception: Unknown column 'bookings.down_payment_amount' in 'field list' in C:\Users\timaj\OneDrive\Documents\HiFi\CAR-RENTAL\car-rental-ci\system\Database\MySQLi\Connection.php:306
Stack trace:
#0 C:\Users\timaj\OneDrive\Documents\HiFi\CAR-RENTAL\car-rental-ci\system\Database\MySQLi\Connection.php(306): mysqli->query('SELECT `booking...', 0)
#1 C:\Users\timaj\OneDrive\Documents\HiFi\CAR-RENTAL\car-rental-ci\system\Database\BaseConnection.php(693): CodeIgniter\Database\MySQLi\Connection->execute('SELECT `booking...')
#2 C:\Users\timaj\OneDrive\Documents\HiFi\CAR-RENTAL\car-rental-ci\system\Database\BaseConnection.php(607): CodeIgniter\Database\BaseConnection->simpleQuery('SELECT `booking...')
#3 C:\Users\timaj\OneDrive\Documents\HiFi\CAR-RENTAL\car-rental-ci\system\Database\BaseBuilder.php(1616): CodeIgniter\Database\BaseConnection->query('SELECT `booking...', Array, false)
#4 C:\Users\timaj\OneDrive\Documents\HiFi\CAR-RENTAL\car-rental-ci\system\Model.php(242): CodeIgniter\Database\BaseBuilder->get()
#5 C:\Users\timaj\OneDrive\Documents\HiFi\CAR-RENTAL\car-rental-ci\system\BaseModel.php(638): CodeIgniter\Model->doFindAll(0, 0)
#6 C:\Users\timaj\OneDrive\Documents\HiFi\CAR-RENTAL\car-rental-ci\app\Models\BookingModel.php(44): CodeIgniter\BaseModel->findAll()
#7 C:\Users\timaj\OneDrive\Documents\HiFi\CAR-RENTAL\car-rental-ci\app\Controllers\Staff.php(136): App\Models\BookingModel->getBookingsWithDetails()
#8 C:\Users\timaj\OneDrive\Documents\HiFi\CAR-RENTAL\car-rental-ci\system\CodeIgniter.php(941): App\Controllers\Staff->manageBookings()
#9 C:\Users\timaj\OneDrive\Documents\HiFi\CAR-RENTAL\car-rental-ci\system\CodeIgniter.php(502): CodeIgniter\CodeIgniter->runController(Object(App\Controllers\Staff))
#10 C:\Users\timaj\OneDrive\Documents\HiFi\CAR-RENTAL\car-rental-ci\system\CodeIgniter.php(361): CodeIgniter\CodeIgniter->handleRequest(NULL, Object(Config\Cache), false)
#11 C:\Users\timaj\OneDrive\Documents\HiFi\CAR-RENTAL\car-rental-ci\public\index.php(79): CodeIgniter\CodeIgniter->run()
#12 C:\Users\timaj\OneDrive\Documents\HiFi\CAR-RENTAL\car-rental-ci\system\Commands\Server\rewrite.php(47): require_once('C:\\Users\\timaj\\...')
#13 {main}
CRITICAL - 2025-11-04 16:14:41 --> CodeIgniter\Database\Exceptions\DatabaseException: Unknown column 'bookings.down_payment_amount' in 'field list'
in SYSTEMPATH\Database\BaseConnection.php on line 647.
 1 SYSTEMPATH\Database\BaseBuilder.php(1616): CodeIgniter\Database\BaseConnection->query('SELECT `bookings`.*, `bookings`.`down_payment_amount`, `bookings`.`payment_status`, `bookings`.`total_price`, `bookings`.`total_amount`, `cars`.`name` as `car_name`, `cars`.`plate` as `car_plate`, `cars`.`price_per_day`, `users`.`name` as `customer_name`, `users`.`email` as `customer_email`
FROM `bookings`
JOIN `cars` ON `cars`.`id` = `bookings`.`car_id`
JOIN `users` ON `users`.`id` = `bookings`.`user_id`
ORDER BY `bookings`.`created_at` DESC', [], false)
 2 SYSTEMPATH\Model.php(242): CodeIgniter\Database\BaseBuilder->get()
 3 SYSTEMPATH\BaseModel.php(638): CodeIgniter\Model->doFindAll(0, 0)
 4 APPPATH\Models\BookingModel.php(44): CodeIgniter\BaseModel->findAll()
 5 APPPATH\Controllers\Staff.php(136): App\Models\BookingModel->getBookingsWithDetails()
 6 SYSTEMPATH\CodeIgniter.php(941): App\Controllers\Staff->manageBookings()
 7 SYSTEMPATH\CodeIgniter.php(502): CodeIgniter\CodeIgniter->runController(Object(App\Controllers\Staff))
 8 SYSTEMPATH\CodeIgniter.php(361): CodeIgniter\CodeIgniter->handleRequest(null, Object(Config\Cache), false)
 9 FCPATH\index.php(79): CodeIgniter\CodeIgniter->run()
10 SYSTEMPATH\Commands\Server\rewrite.php(47): require_once('C:\\Users\\timaj\\OneDrive\\Documents\\HiFi\\CAR-RENTAL\\car-rental-ci\\public\\index.php')
CRITICAL - 2025-11-04 16:14:41 --> [Caused by] CodeIgniter\Database\Exceptions\DatabaseException: Unknown column 'bookings.down_payment_amount' in 'field list'
in SYSTEMPATH\Database\MySQLi\Connection.php on line 311.
 1 SYSTEMPATH\Database\BaseConnection.php(693): CodeIgniter\Database\MySQLi\Connection->execute('SELECT `bookings`.*, `bookings`.`down_payment_amount`, `bookings`.`payment_status`, `bookings`.`total_price`, `bookings`.`total_amount`, `cars`.`name` as `car_name`, `cars`.`plate` as `car_plate`, `cars`.`price_per_day`, `users`.`name` as `customer_name`, `users`.`email` as `customer_email`
FROM `bookings`
JOIN `cars` ON `cars`.`id` = `bookings`.`car_id`
JOIN `users` ON `users`.`id` = `bookings`.`user_id`
ORDER BY `bookings`.`created_at` DESC')
 2 SYSTEMPATH\Database\BaseConnection.php(607): CodeIgniter\Database\BaseConnection->simpleQuery('SELECT `bookings`.*, `bookings`.`down_payment_amount`, `bookings`.`payment_status`, `bookings`.`total_price`, `bookings`.`total_amount`, `cars`.`name` as `car_name`, `cars`.`plate` as `car_plate`, `cars`.`price_per_day`, `users`.`name` as `customer_name`, `users`.`email` as `customer_email`
FROM `bookings`
JOIN `cars` ON `cars`.`id` = `bookings`.`car_id`
JOIN `users` ON `users`.`id` = `bookings`.`user_id`
ORDER BY `bookings`.`created_at` DESC')
 3 SYSTEMPATH\Database\BaseBuilder.php(1616): CodeIgniter\Database\BaseConnection->query('SELECT `bookings`.*, `bookings`.`down_payment_amount`, `bookings`.`payment_status`, `bookings`.`total_price`, `bookings`.`total_amount`, `cars`.`name` as `car_name`, `cars`.`plate` as `car_plate`, `cars`.`price_per_day`, `users`.`name` as `customer_name`, `users`.`email` as `customer_email`
FROM `bookings`
JOIN `cars` ON `cars`.`id` = `bookings`.`car_id`
JOIN `users` ON `users`.`id` = `bookings`.`user_id`
ORDER BY `bookings`.`created_at` DESC', [], false)
 4 SYSTEMPATH\Model.php(242): CodeIgniter\Database\BaseBuilder->get()
 5 SYSTEMPATH\BaseModel.php(638): CodeIgniter\Model->doFindAll(0, 0)
 6 APPPATH\Models\BookingModel.php(44): CodeIgniter\BaseModel->findAll()
 7 APPPATH\Controllers\Staff.php(136): App\Models\BookingModel->getBookingsWithDetails()
 8 SYSTEMPATH\CodeIgniter.php(941): App\Controllers\Staff->manageBookings()
 9 SYSTEMPATH\CodeIgniter.php(502): CodeIgniter\CodeIgniter->runController(Object(App\Controllers\Staff))
10 SYSTEMPATH\CodeIgniter.php(361): CodeIgniter\CodeIgniter->handleRequest(null, Object(Config\Cache), false)
11 FCPATH\index.php(79): CodeIgniter\CodeIgniter->run()
12 SYSTEMPATH\Commands\Server\rewrite.php(47): require_once('C:\\Users\\timaj\\OneDrive\\Documents\\HiFi\\CAR-RENTAL\\car-rental-ci\\public\\index.php')
CRITICAL - 2025-11-04 16:14:41 --> [Caused by] mysqli_sql_exception: Unknown column 'bookings.down_payment_amount' in 'field list'
in SYSTEMPATH\Database\MySQLi\Connection.php on line 306.
 1 SYSTEMPATH\Database\MySQLi\Connection.php(306): mysqli->query('SELECT `bookings`.*, `bookings`.`down_payment_amount`, `bookings`.`payment_status`, `bookings`.`total_price`, `bookings`.`total_amount`, `cars`.`name` as `car_name`, `cars`.`plate` as `car_plate`, `cars`.`price_per_day`, `users`.`name` as `customer_name`, `users`.`email` as `customer_email`
FROM `bookings`
JOIN `cars` ON `cars`.`id` = `bookings`.`car_id`
JOIN `users` ON `users`.`id` = `bookings`.`user_id`
ORDER BY `bookings`.`created_at` DESC', 0)
 2 SYSTEMPATH\Database\BaseConnection.php(693): CodeIgniter\Database\MySQLi\Connection->execute('SELECT `bookings`.*, `bookings`.`down_payment_amount`, `bookings`.`payment_status`, `bookings`.`total_price`, `bookings`.`total_amount`, `cars`.`name` as `car_name`, `cars`.`plate` as `car_plate`, `cars`.`price_per_day`, `users`.`name` as `customer_name`, `users`.`email` as `customer_email`
FROM `bookings`
JOIN `cars` ON `cars`.`id` = `bookings`.`car_id`
JOIN `users` ON `users`.`id` = `bookings`.`user_id`
ORDER BY `bookings`.`created_at` DESC')
 3 SYSTEMPATH\Database\BaseConnection.php(607): CodeIgniter\Database\BaseConnection->simpleQuery('SELECT `bookings`.*, `bookings`.`down_payment_amount`, `bookings`.`payment_status`, `bookings`.`total_price`, `bookings`.`total_amount`, `cars`.`name` as `car_name`, `cars`.`plate` as `car_plate`, `cars`.`price_per_day`, `users`.`name` as `customer_name`, `users`.`email` as `customer_email`
FROM `bookings`
JOIN `cars` ON `cars`.`id` = `bookings`.`car_id`
JOIN `users` ON `users`.`id` = `bookings`.`user_id`
ORDER BY `bookings`.`created_at` DESC')
 4 SYSTEMPATH\Database\BaseBuilder.php(1616): CodeIgniter\Database\BaseConnection->query('SELECT `bookings`.*, `bookings`.`down_payment_amount`, `bookings`.`payment_status`, `bookings`.`total_price`, `bookings`.`total_amount`, `cars`.`name` as `car_name`, `cars`.`plate` as `car_plate`, `cars`.`price_per_day`, `users`.`name` as `customer_name`, `users`.`email` as `customer_email`
FROM `bookings`
JOIN `cars` ON `cars`.`id` = `bookings`.`car_id`
JOIN `users` ON `users`.`id` = `bookings`.`user_id`
ORDER BY `bookings`.`created_at` DESC', [], false)
 5 SYSTEMPATH\Model.php(242): CodeIgniter\Database\BaseBuilder->get()
 6 SYSTEMPATH\BaseModel.php(638): CodeIgniter\Model->doFindAll(0, 0)
 7 APPPATH\Models\BookingModel.php(44): CodeIgniter\BaseModel->findAll()
 8 APPPATH\Controllers\Staff.php(136): App\Models\BookingModel->getBookingsWithDetails()
 9 SYSTEMPATH\CodeIgniter.php(941): App\Controllers\Staff->manageBookings()
10 SYSTEMPATH\CodeIgniter.php(502): CodeIgniter\CodeIgniter->runController(Object(App\Controllers\Staff))
11 SYSTEMPATH\CodeIgniter.php(361): CodeIgniter\CodeIgniter->handleRequest(null, Object(Config\Cache), false)
12 FCPATH\index.php(79): CodeIgniter\CodeIgniter->run()
13 SYSTEMPATH\Commands\Server\rewrite.php(47): require_once('C:\\Users\\timaj\\OneDrive\\Documents\\HiFi\\CAR-RENTAL\\car-rental-ci\\public\\index.php')
ERROR - 2025-11-04 16:19:11 --> mysqli_sql_exception: Unknown column 'namespace' in 'where clause' in C:\Users\timaj\OneDrive\Documents\HiFi\CAR-RENTAL\car-rental-ci\system\Database\MySQLi\Connection.php:306
Stack trace:
#0 C:\Users\timaj\OneDrive\Documents\HiFi\CAR-RENTAL\car-rental-ci\system\Database\MySQLi\Connection.php(306): mysqli->query('SELECT *\nFROM `...', 0)
#1 C:\Users\timaj\OneDrive\Documents\HiFi\CAR-RENTAL\car-rental-ci\system\Database\BaseConnection.php(693): CodeIgniter\Database\MySQLi\Connection->execute('SELECT *\nFROM `...')
#2 C:\Users\timaj\OneDrive\Documents\HiFi\CAR-RENTAL\car-rental-ci\system\Database\BaseConnection.php(607): CodeIgniter\Database\BaseConnection->simpleQuery('SELECT *\nFROM `...')
#3 C:\Users\timaj\OneDrive\Documents\HiFi\CAR-RENTAL\car-rental-ci\system\Database\BaseBuilder.php(1616): CodeIgniter\Database\BaseConnection->query('SELECT *\nFROM `...', Array, false)
#4 C:\Users\timaj\OneDrive\Documents\HiFi\CAR-RENTAL\car-rental-ci\system\Database\MigrationRunner.php(651): CodeIgniter\Database\BaseBuilder->get()
#5 C:\Users\timaj\OneDrive\Documents\HiFi\CAR-RENTAL\car-rental-ci\system\Commands\Database\MigrateStatus.php(114): CodeIgniter\Database\MigrationRunner->getHistory('')
#6 C:\Users\timaj\OneDrive\Documents\HiFi\CAR-RENTAL\car-rental-ci\system\CLI\Commands.php(65): CodeIgniter\Commands\Database\MigrateStatus->run(Array)
#7 C:\Users\timaj\OneDrive\Documents\HiFi\CAR-RENTAL\car-rental-ci\system\CLI\Console.php(46): CodeIgniter\CLI\Commands->run('migrate:status', Array)
#8 C:\Users\timaj\OneDrive\Documents\HiFi\CAR-RENTAL\car-rental-ci\spark(102): CodeIgniter\CLI\Console->run()
#9 {main}
CRITICAL - 2025-11-04 16:19:11 --> CodeIgniter\Database\Exceptions\DatabaseException: Unknown column 'namespace' in 'where clause'
in SYSTEMPATH\Database\BaseConnection.php on line 647.
 1 SYSTEMPATH\Database\BaseBuilder.php(1616): CodeIgniter\Database\BaseConnection->query('SELECT *
FROM `migrations`
WHERE `namespace` = :namespace:
ORDER BY `id` ASC', [...], false)
 2 SYSTEMPATH\Database\MigrationRunner.php(651): CodeIgniter\Database\BaseBuilder->get()
 3 SYSTEMPATH\Commands\Database\MigrateStatus.php(114): CodeIgniter\Database\MigrationRunner->getHistory('')
 4 SYSTEMPATH\CLI\Commands.php(65): CodeIgniter\Commands\Database\MigrateStatus->run([])
 5 SYSTEMPATH\CLI\Console.php(46): CodeIgniter\CLI\Commands->run('migrate:status', [])
 6 ROOTPATH\spark(102): CodeIgniter\CLI\Console->run()
CRITICAL - 2025-11-04 16:19:11 --> [Caused by] CodeIgniter\Database\Exceptions\DatabaseException: Unknown column 'namespace' in 'where clause'
in SYSTEMPATH\Database\MySQLi\Connection.php on line 311.
 1 SYSTEMPATH\Database\BaseConnection.php(693): CodeIgniter\Database\MySQLi\Connection->execute('SELECT *
FROM `migrations`
WHERE `namespace` = \'App\'
ORDER BY `id` ASC')
 2 SYSTEMPATH\Database\BaseConnection.php(607): CodeIgniter\Database\BaseConnection->simpleQuery('SELECT *
FROM `migrations`
WHERE `namespace` = \'App\'
ORDER BY `id` ASC')
 3 SYSTEMPATH\Database\BaseBuilder.php(1616): CodeIgniter\Database\BaseConnection->query('SELECT *
FROM `migrations`
WHERE `namespace` = :namespace:
ORDER BY `id` ASC', [...], false)
 4 SYSTEMPATH\Database\MigrationRunner.php(651): CodeIgniter\Database\BaseBuilder->get()
 5 SYSTEMPATH\Commands\Database\MigrateStatus.php(114): CodeIgniter\Database\MigrationRunner->getHistory('')
 6 SYSTEMPATH\CLI\Commands.php(65): CodeIgniter\Commands\Database\MigrateStatus->run([])
 7 SYSTEMPATH\CLI\Console.php(46): CodeIgniter\CLI\Commands->run('migrate:status', [])
 8 ROOTPATH\spark(102): CodeIgniter\CLI\Console->run()
CRITICAL - 2025-11-04 16:19:11 --> [Caused by] mysqli_sql_exception: Unknown column 'namespace' in 'where clause'
in SYSTEMPATH\Database\MySQLi\Connection.php on line 306.
 1 SYSTEMPATH\Database\MySQLi\Connection.php(306): mysqli->query('SELECT *
FROM `migrations`
WHERE `namespace` = \'App\'
ORDER BY `id` ASC', 0)
 2 SYSTEMPATH\Database\BaseConnection.php(693): CodeIgniter\Database\MySQLi\Connection->execute('SELECT *
FROM `migrations`
WHERE `namespace` = \'App\'
ORDER BY `id` ASC')
 3 SYSTEMPATH\Database\BaseConnection.php(607): CodeIgniter\Database\BaseConnection->simpleQuery('SELECT *
FROM `migrations`
WHERE `namespace` = \'App\'
ORDER BY `id` ASC')
 4 SYSTEMPATH\Database\BaseBuilder.php(1616): CodeIgniter\Database\BaseConnection->query('SELECT *
FROM `migrations`
WHERE `namespace` = :namespace:
ORDER BY `id` ASC', [...], false)
 5 SYSTEMPATH\Database\MigrationRunner.php(651): CodeIgniter\Database\BaseBuilder->get()
 6 SYSTEMPATH\Commands\Database\MigrateStatus.php(114): CodeIgniter\Database\MigrationRunner->getHistory('')
 7 SYSTEMPATH\CLI\Commands.php(65): CodeIgniter\Commands\Database\MigrateStatus->run([])
 8 SYSTEMPATH\CLI\Console.php(46): CodeIgniter\CLI\Commands->run('migrate:status', [])
 9 ROOTPATH\spark(102): CodeIgniter\CLI\Console->run()
ERROR - 2025-11-04 16:21:44 --> mysqli_sql_exception: Unknown column 'bookings.due_date_notification_sent' in 'where clause' in C:\Users\timaj\OneDrive\Documents\HiFi\CAR-RENTAL\car-rental-ci\system\Database\MySQLi\Connection.php:306
Stack trace:
#0 C:\Users\timaj\OneDrive\Documents\HiFi\CAR-RENTAL\car-rental-ci\system\Database\MySQLi\Connection.php(306): mysqli->query('SELECT `booking...', 0)
#1 C:\Users\timaj\OneDrive\Documents\HiFi\CAR-RENTAL\car-rental-ci\system\Database\BaseConnection.php(693): CodeIgniter\Database\MySQLi\Connection->execute('SELECT `booking...')
#2 C:\Users\timaj\OneDrive\Documents\HiFi\CAR-RENTAL\car-rental-ci\system\Database\BaseConnection.php(607): CodeIgniter\Database\BaseConnection->simpleQuery('SELECT `booking...')
#3 C:\Users\timaj\OneDrive\Documents\HiFi\CAR-RENTAL\car-rental-ci\system\Database\BaseBuilder.php(1616): CodeIgniter\Database\BaseConnection->query('SELECT `booking...', Array, false)
#4 C:\Users\timaj\OneDrive\Documents\HiFi\CAR-RENTAL\car-rental-ci\system\Model.php(242): CodeIgniter\Database\BaseBuilder->get()
#5 C:\Users\timaj\OneDrive\Documents\HiFi\CAR-RENTAL\car-rental-ci\system\BaseModel.php(638): CodeIgniter\Model->doFindAll(0, 0)
#6 C:\Users\timaj\OneDrive\Documents\HiFi\CAR-RENTAL\car-rental-ci\app\Models\BookingModel.php(71): CodeIgniter\BaseModel->findAll()
#7 C:\Users\timaj\OneDrive\Documents\HiFi\CAR-RENTAL\car-rental-ci\app\Libraries\NotificationService.php(204): App\Models\BookingModel->getBookingsDueSoon()
#8 C:\Users\timaj\OneDrive\Documents\HiFi\CAR-RENTAL\car-rental-ci\app\Controllers\Staff.php(213): App\Libraries\NotificationService->processAutomaticNotifications()
#9 C:\Users\timaj\OneDrive\Documents\HiFi\CAR-RENTAL\car-rental-ci\system\CodeIgniter.php(941): App\Controllers\Staff->processNotifications()
#10 C:\Users\timaj\OneDrive\Documents\HiFi\CAR-RENTAL\car-rental-ci\system\CodeIgniter.php(502): CodeIgniter\CodeIgniter->runController(Object(App\Controllers\Staff))
#11 C:\Users\timaj\OneDrive\Documents\HiFi\CAR-RENTAL\car-rental-ci\system\CodeIgniter.php(361): CodeIgniter\CodeIgniter->handleRequest(NULL, Object(Config\Cache), false)
#12 C:\Users\timaj\OneDrive\Documents\HiFi\CAR-RENTAL\car-rental-ci\public\index.php(79): CodeIgniter\CodeIgniter->run()
#13 C:\Users\timaj\OneDrive\Documents\HiFi\CAR-RENTAL\car-rental-ci\system\Commands\Server\rewrite.php(47): require_once('C:\\Users\\timaj\\...')
#14 {main}
CRITICAL - 2025-11-04 16:21:44 --> CodeIgniter\Database\Exceptions\DatabaseException: Unknown column 'bookings.due_date_notification_sent' in 'where clause'
in SYSTEMPATH\Database\BaseConnection.php on line 647.
 1 SYSTEMPATH\Database\BaseBuilder.php(1616): CodeIgniter\Database\BaseConnection->query('SELECT `bookings`.*, `users`.`name` as `customer_name`, `users`.`email` as `customer_email`, `cars`.`name` as `car_name`
FROM `bookings`
JOIN `users` ON `users`.`id` = `bookings`.`user_id`
JOIN `cars` ON `cars`.`id` = `bookings`.`car_id`
WHERE `bookings`.`end_date` = :bookings.end_date:
AND `bookings`.`status` = :bookings.status:
AND `bookings`.`due_date_notification_sent` IS NULL', [...], false)
 2 SYSTEMPATH\Model.php(242): CodeIgniter\Database\BaseBuilder->get()
 3 SYSTEMPATH\BaseModel.php(638): CodeIgniter\Model->doFindAll(0, 0)
 4 APPPATH\Models\BookingModel.php(71): CodeIgniter\BaseModel->findAll()
 5 APPPATH\Libraries\NotificationService.php(204): App\Models\BookingModel->getBookingsDueSoon()
 6 APPPATH\Controllers\Staff.php(213): App\Libraries\NotificationService->processAutomaticNotifications()
 7 SYSTEMPATH\CodeIgniter.php(941): App\Controllers\Staff->processNotifications()
 8 SYSTEMPATH\CodeIgniter.php(502): CodeIgniter\CodeIgniter->runController(Object(App\Controllers\Staff))
 9 SYSTEMPATH\CodeIgniter.php(361): CodeIgniter\CodeIgniter->handleRequest(null, Object(Config\Cache), false)
10 FCPATH\index.php(79): CodeIgniter\CodeIgniter->run()
11 SYSTEMPATH\Commands\Server\rewrite.php(47): require_once('C:\\Users\\timaj\\OneDrive\\Documents\\HiFi\\CAR-RENTAL\\car-rental-ci\\public\\index.php')
CRITICAL - 2025-11-04 16:21:44 --> [Caused by] CodeIgniter\Database\Exceptions\DatabaseException: Unknown column 'bookings.due_date_notification_sent' in 'where clause'
in SYSTEMPATH\Database\MySQLi\Connection.php on line 311.
 1 SYSTEMPATH\Database\BaseConnection.php(693): CodeIgniter\Database\MySQLi\Connection->execute('SELECT `bookings`.*, `users`.`name` as `customer_name`, `users`.`email` as `customer_email`, `cars`.`name` as `car_name`
FROM `bookings`
JOIN `users` ON `users`.`id` = `bookings`.`user_id`
JOIN `cars` ON `cars`.`id` = `bookings`.`car_id`
WHERE `bookings`.`end_date` = \'2025-11-05\'
AND `bookings`.`status` = \'confirmed\'
AND `bookings`.`due_date_notification_sent` IS NULL')
 2 SYSTEMPATH\Database\BaseConnection.php(607): CodeIgniter\Database\BaseConnection->simpleQuery('SELECT `bookings`.*, `users`.`name` as `customer_name`, `users`.`email` as `customer_email`, `cars`.`name` as `car_name`
FROM `bookings`
JOIN `users` ON `users`.`id` = `bookings`.`user_id`
JOIN `cars` ON `cars`.`id` = `bookings`.`car_id`
WHERE `bookings`.`end_date` = \'2025-11-05\'
AND `bookings`.`status` = \'confirmed\'
AND `bookings`.`due_date_notification_sent` IS NULL')
 3 SYSTEMPATH\Database\BaseBuilder.php(1616): CodeIgniter\Database\BaseConnection->query('SELECT `bookings`.*, `users`.`name` as `customer_name`, `users`.`email` as `customer_email`, `cars`.`name` as `car_name`
FROM `bookings`
JOIN `users` ON `users`.`id` = `bookings`.`user_id`
JOIN `cars` ON `cars`.`id` = `bookings`.`car_id`
WHERE `bookings`.`end_date` = :bookings.end_date:
AND `bookings`.`status` = :bookings.status:
AND `bookings`.`due_date_notification_sent` IS NULL', [...], false)
 4 SYSTEMPATH\Model.php(242): CodeIgniter\Database\BaseBuilder->get()
 5 SYSTEMPATH\BaseModel.php(638): CodeIgniter\Model->doFindAll(0, 0)
 6 APPPATH\Models\BookingModel.php(71): CodeIgniter\BaseModel->findAll()
 7 APPPATH\Libraries\NotificationService.php(204): App\Models\BookingModel->getBookingsDueSoon()
 8 APPPATH\Controllers\Staff.php(213): App\Libraries\NotificationService->processAutomaticNotifications()
 9 SYSTEMPATH\CodeIgniter.php(941): App\Controllers\Staff->processNotifications()
10 SYSTEMPATH\CodeIgniter.php(502): CodeIgniter\CodeIgniter->runController(Object(App\Controllers\Staff))
11 SYSTEMPATH\CodeIgniter.php(361): CodeIgniter\CodeIgniter->handleRequest(null, Object(Config\Cache), false)
12 FCPATH\index.php(79): CodeIgniter\CodeIgniter->run()
13 SYSTEMPATH\Commands\Server\rewrite.php(47): require_once('C:\\Users\\timaj\\OneDrive\\Documents\\HiFi\\CAR-RENTAL\\car-rental-ci\\public\\index.php')
CRITICAL - 2025-11-04 16:21:44 --> [Caused by] mysqli_sql_exception: Unknown column 'bookings.due_date_notification_sent' in 'where clause'
in SYSTEMPATH\Database\MySQLi\Connection.php on line 306.
 1 SYSTEMPATH\Database\MySQLi\Connection.php(306): mysqli->query('SELECT `bookings`.*, `users`.`name` as `customer_name`, `users`.`email` as `customer_email`, `cars`.`name` as `car_name`
FROM `bookings`
JOIN `users` ON `users`.`id` = `bookings`.`user_id`
JOIN `cars` ON `cars`.`id` = `bookings`.`car_id`
WHERE `bookings`.`end_date` = \'2025-11-05\'
AND `bookings`.`status` = \'confirmed\'
AND `bookings`.`due_date_notification_sent` IS NULL', 0)
 2 SYSTEMPATH\Database\BaseConnection.php(693): CodeIgniter\Database\MySQLi\Connection->execute('SELECT `bookings`.*, `users`.`name` as `customer_name`, `users`.`email` as `customer_email`, `cars`.`name` as `car_name`
FROM `bookings`
JOIN `users` ON `users`.`id` = `bookings`.`user_id`
JOIN `cars` ON `cars`.`id` = `bookings`.`car_id`
WHERE `bookings`.`end_date` = \'2025-11-05\'
AND `bookings`.`status` = \'confirmed\'
AND `bookings`.`due_date_notification_sent` IS NULL')
 3 SYSTEMPATH\Database\BaseConnection.php(607): CodeIgniter\Database\BaseConnection->simpleQuery('SELECT `bookings`.*, `users`.`name` as `customer_name`, `users`.`email` as `customer_email`, `cars`.`name` as `car_name`
FROM `bookings`
JOIN `users` ON `users`.`id` = `bookings`.`user_id`
JOIN `cars` ON `cars`.`id` = `bookings`.`car_id`
WHERE `bookings`.`end_date` = \'2025-11-05\'
AND `bookings`.`status` = \'confirmed\'
AND `bookings`.`due_date_notification_sent` IS NULL')
 4 SYSTEMPATH\Database\BaseBuilder.php(1616): CodeIgniter\Database\BaseConnection->query('SELECT `bookings`.*, `users`.`name` as `customer_name`, `users`.`email` as `customer_email`, `cars`.`name` as `car_name`
FROM `bookings`
JOIN `users` ON `users`.`id` = `bookings`.`user_id`
JOIN `cars` ON `cars`.`id` = `bookings`.`car_id`
WHERE `bookings`.`end_date` = :bookings.end_date:
AND `bookings`.`status` = :bookings.status:
AND `bookings`.`due_date_notification_sent` IS NULL', [...], false)
 5 SYSTEMPATH\Model.php(242): CodeIgniter\Database\BaseBuilder->get()
 6 SYSTEMPATH\BaseModel.php(638): CodeIgniter\Model->doFindAll(0, 0)
 7 APPPATH\Models\BookingModel.php(71): CodeIgniter\BaseModel->findAll()
 8 APPPATH\Libraries\NotificationService.php(204): App\Models\BookingModel->getBookingsDueSoon()
 9 APPPATH\Controllers\Staff.php(213): App\Libraries\NotificationService->processAutomaticNotifications()
10 SYSTEMPATH\CodeIgniter.php(941): App\Controllers\Staff->processNotifications()
11 SYSTEMPATH\CodeIgniter.php(502): CodeIgniter\CodeIgniter->runController(Object(App\Controllers\Staff))
12 SYSTEMPATH\CodeIgniter.php(361): CodeIgniter\CodeIgniter->handleRequest(null, Object(Config\Cache), false)
13 FCPATH\index.php(79): CodeIgniter\CodeIgniter->run()
14 SYSTEMPATH\Commands\Server\rewrite.php(47): require_once('C:\\Users\\timaj\\OneDrive\\Documents\\HiFi\\CAR-RENTAL\\car-rental-ci\\public\\index.php')
ERROR - 2025-11-04 18:21:21 --> mysqli_sql_exception: Unknown column 'updated_at' in 'where clause' in C:\Users\timaj\OneDrive\Documents\HiFi\CAR-RENTAL\car-rental-ci\system\Database\MySQLi\Connection.php:306
Stack trace:
#0 C:\Users\timaj\OneDrive\Documents\HiFi\CAR-RENTAL\car-rental-ci\system\Database\MySQLi\Connection.php(306): mysqli->query('SELECT COUNT(*)...', 0)
#1 C:\Users\timaj\OneDrive\Documents\HiFi\CAR-RENTAL\car-rental-ci\system\Database\BaseConnection.php(693): CodeIgniter\Database\MySQLi\Connection->execute('SELECT COUNT(*)...')
#2 C:\Users\timaj\OneDrive\Documents\HiFi\CAR-RENTAL\car-rental-ci\system\Database\BaseConnection.php(607): CodeIgniter\Database\BaseConnection->simpleQuery('SELECT COUNT(*)...')
#3 C:\Users\timaj\OneDrive\Documents\HiFi\CAR-RENTAL\car-rental-ci\system\Database\BaseBuilder.php(1700): CodeIgniter\Database\BaseConnection->query('SELECT COUNT(*)...', Array, false)
#4 C:\Users\timaj\OneDrive\Documents\HiFi\CAR-RENTAL\car-rental-ci\system\Model.php(624): CodeIgniter\Database\BaseBuilder->countAllResults(true)
#5 C:\Users\timaj\OneDrive\Documents\HiFi\CAR-RENTAL\car-rental-ci\app\Controllers\Staff.php(424): CodeIgniter\Model->countAllResults()
#6 C:\Users\timaj\OneDrive\Documents\HiFi\CAR-RENTAL\car-rental-ci\system\CodeIgniter.php(941): App\Controllers\Staff->checkout()
#7 C:\Users\timaj\OneDrive\Documents\HiFi\CAR-RENTAL\car-rental-ci\system\CodeIgniter.php(502): CodeIgniter\CodeIgniter->runController(Object(App\Controllers\Staff))
#8 C:\Users\timaj\OneDrive\Documents\HiFi\CAR-RENTAL\car-rental-ci\system\CodeIgniter.php(361): CodeIgniter\CodeIgniter->handleRequest(NULL, Object(Config\Cache), false)
#9 C:\Users\timaj\OneDrive\Documents\HiFi\CAR-RENTAL\car-rental-ci\public\index.php(79): CodeIgniter\CodeIgniter->run()
#10 C:\Users\timaj\OneDrive\Documents\HiFi\CAR-RENTAL\car-rental-ci\system\Commands\Server\rewrite.php(47): require_once('C:\\Users\\timaj\\...')
#11 {main}
CRITICAL - 2025-11-04 18:21:21 --> CodeIgniter\Database\Exceptions\DatabaseException: Unknown column 'updated_at' in 'where clause'
in SYSTEMPATH\Database\BaseConnection.php on line 647.
 1 SYSTEMPATH\Database\BaseBuilder.php(1700): CodeIgniter\Database\BaseConnection->query('SELECT COUNT(*) AS `numrows`
FROM `bookings`
WHERE DATE(updated_at) = :DATE(updated_at):
AND `status` = :status:', [...], false)
 2 SYSTEMPATH\Model.php(624): CodeIgniter\Database\BaseBuilder->countAllResults(true)
 3 APPPATH\Controllers\Staff.php(424): CodeIgniter\Model->countAllResults()
 4 SYSTEMPATH\CodeIgniter.php(941): App\Controllers\Staff->checkout()
 5 SYSTEMPATH\CodeIgniter.php(502): CodeIgniter\CodeIgniter->runController(Object(App\Controllers\Staff))
 6 SYSTEMPATH\CodeIgniter.php(361): CodeIgniter\CodeIgniter->handleRequest(null, Object(Config\Cache), false)
 7 FCPATH\index.php(79): CodeIgniter\CodeIgniter->run()
 8 SYSTEMPATH\Commands\Server\rewrite.php(47): require_once('C:\\Users\\timaj\\OneDrive\\Documents\\HiFi\\CAR-RENTAL\\car-rental-ci\\public\\index.php')
CRITICAL - 2025-11-04 18:21:21 --> [Caused by] CodeIgniter\Database\Exceptions\DatabaseException: Unknown column 'updated_at' in 'where clause'
in SYSTEMPATH\Database\MySQLi\Connection.php on line 311.
 1 SYSTEMPATH\Database\BaseConnection.php(693): CodeIgniter\Database\MySQLi\Connection->execute('SELECT COUNT(*) AS `numrows`
FROM `bookings`
WHERE DATE(updated_at) = \'2025-11-04\'
AND `status` = \'completed\'')
 2 SYSTEMPATH\Database\BaseConnection.php(607): CodeIgniter\Database\BaseConnection->simpleQuery('SELECT COUNT(*) AS `numrows`
FROM `bookings`
WHERE DATE(updated_at) = \'2025-11-04\'
AND `status` = \'completed\'')
 3 SYSTEMPATH\Database\BaseBuilder.php(1700): CodeIgniter\Database\BaseConnection->query('SELECT COUNT(*) AS `numrows`
FROM `bookings`
WHERE DATE(updated_at) = :DATE(updated_at):
AND `status` = :status:', [...], false)
 4 SYSTEMPATH\Model.php(624): CodeIgniter\Database\BaseBuilder->countAllResults(true)
 5 APPPATH\Controllers\Staff.php(424): CodeIgniter\Model->countAllResults()
 6 SYSTEMPATH\CodeIgniter.php(941): App\Controllers\Staff->checkout()
 7 SYSTEMPATH\CodeIgniter.php(502): CodeIgniter\CodeIgniter->runController(Object(App\Controllers\Staff))
 8 SYSTEMPATH\CodeIgniter.php(361): CodeIgniter\CodeIgniter->handleRequest(null, Object(Config\Cache), false)
 9 FCPATH\index.php(79): CodeIgniter\CodeIgniter->run()
10 SYSTEMPATH\Commands\Server\rewrite.php(47): require_once('C:\\Users\\timaj\\OneDrive\\Documents\\HiFi\\CAR-RENTAL\\car-rental-ci\\public\\index.php')
CRITICAL - 2025-11-04 18:21:21 --> [Caused by] mysqli_sql_exception: Unknown column 'updated_at' in 'where clause'
in SYSTEMPATH\Database\MySQLi\Connection.php on line 306.
 1 SYSTEMPATH\Database\MySQLi\Connection.php(306): mysqli->query('SELECT COUNT(*) AS `numrows`
FROM `bookings`
WHERE DATE(updated_at) = \'2025-11-04\'
AND `status` = \'completed\'', 0)
 2 SYSTEMPATH\Database\BaseConnection.php(693): CodeIgniter\Database\MySQLi\Connection->execute('SELECT COUNT(*) AS `numrows`
FROM `bookings`
WHERE DATE(updated_at) = \'2025-11-04\'
AND `status` = \'completed\'')
 3 SYSTEMPATH\Database\BaseConnection.php(607): CodeIgniter\Database\BaseConnection->simpleQuery('SELECT COUNT(*) AS `numrows`
FROM `bookings`
WHERE DATE(updated_at) = \'2025-11-04\'
AND `status` = \'completed\'')
 4 SYSTEMPATH\Database\BaseBuilder.php(1700): CodeIgniter\Database\BaseConnection->query('SELECT COUNT(*) AS `numrows`
FROM `bookings`
WHERE DATE(updated_at) = :DATE(updated_at):
AND `status` = :status:', [...], false)
 5 SYSTEMPATH\Model.php(624): CodeIgniter\Database\BaseBuilder->countAllResults(true)
 6 APPPATH\Controllers\Staff.php(424): CodeIgniter\Model->countAllResults()
 7 SYSTEMPATH\CodeIgniter.php(941): App\Controllers\Staff->checkout()
 8 SYSTEMPATH\CodeIgniter.php(502): CodeIgniter\CodeIgniter->runController(Object(App\Controllers\Staff))
 9 SYSTEMPATH\CodeIgniter.php(361): CodeIgniter\CodeIgniter->handleRequest(null, Object(Config\Cache), false)
10 FCPATH\index.php(79): CodeIgniter\CodeIgniter->run()
11 SYSTEMPATH\Commands\Server\rewrite.php(47): require_once('C:\\Users\\timaj\\OneDrive\\Documents\\HiFi\\CAR-RENTAL\\car-rental-ci\\public\\index.php')
ERROR - 2025-11-04 18:25:33 --> mysqli_sql_exception: Table 'car_rental_db.notifications' doesn't exist in C:\Users\timaj\OneDrive\Documents\HiFi\CAR-RENTAL\car-rental-ci\system\Database\MySQLi\Connection.php:306
Stack trace:
#0 C:\Users\timaj\OneDrive\Documents\HiFi\CAR-RENTAL\car-rental-ci\system\Database\MySQLi\Connection.php(306): mysqli->query('INSERT INTO `no...', 0)
#1 C:\Users\timaj\OneDrive\Documents\HiFi\CAR-RENTAL\car-rental-ci\system\Database\BaseConnection.php(693): CodeIgniter\Database\MySQLi\Connection->execute('INSERT INTO `no...')
#2 C:\Users\timaj\OneDrive\Documents\HiFi\CAR-RENTAL\car-rental-ci\system\Database\BaseConnection.php(607): CodeIgniter\Database\BaseConnection->simpleQuery('INSERT INTO `no...')
#3 C:\Users\timaj\OneDrive\Documents\HiFi\CAR-RENTAL\car-rental-ci\system\Database\BaseBuilder.php(2307): CodeIgniter\Database\BaseConnection->query('INSERT INTO `no...', Array, false)
#4 C:\Users\timaj\OneDrive\Documents\HiFi\CAR-RENTAL\car-rental-ci\system\Model.php(326): CodeIgniter\Database\BaseBuilder->insert()
#5 C:\Users\timaj\OneDrive\Documents\HiFi\CAR-RENTAL\car-rental-ci\system\BaseModel.php(802): CodeIgniter\Model->doInsert(Array)
#6 C:\Users\timaj\OneDrive\Documents\HiFi\CAR-RENTAL\car-rental-ci\system\Model.php(744): CodeIgniter\BaseModel->insert(Array, true)
#7 C:\Users\timaj\OneDrive\Documents\HiFi\CAR-RENTAL\car-rental-ci\app\Libraries\NotificationService.php(63): CodeIgniter\Model->insert(Array)
#8 C:\Users\timaj\OneDrive\Documents\HiFi\CAR-RENTAL\car-rental-ci\app\Controllers\Staff.php(195): App\Libraries\NotificationService->sendReadyForPickupNotification('11', '14')
#9 C:\Users\timaj\OneDrive\Documents\HiFi\CAR-RENTAL\car-rental-ci\system\CodeIgniter.php(941): App\Controllers\Staff->sendReadyForPickupNotification('11')
#10 C:\Users\timaj\OneDrive\Documents\HiFi\CAR-RENTAL\car-rental-ci\system\CodeIgniter.php(502): CodeIgniter\CodeIgniter->runController(Object(App\Controllers\Staff))
#11 C:\Users\timaj\OneDrive\Documents\HiFi\CAR-RENTAL\car-rental-ci\system\CodeIgniter.php(361): CodeIgniter\CodeIgniter->handleRequest(NULL, Object(Config\Cache), false)
#12 C:\Users\timaj\OneDrive\Documents\HiFi\CAR-RENTAL\car-rental-ci\public\index.php(79): CodeIgniter\CodeIgniter->run()
#13 C:\Users\timaj\OneDrive\Documents\HiFi\CAR-RENTAL\car-rental-ci\system\Commands\Server\rewrite.php(47): require_once('C:\\Users\\timaj\\...')
#14 {main}
CRITICAL - 2025-11-04 18:25:33 --> CodeIgniter\Database\Exceptions\DatabaseException: Table 'car_rental_db.notifications' doesn't exist
in SYSTEMPATH\Database\BaseConnection.php on line 647.
 1 SYSTEMPATH\Database\BaseBuilder.php(2307): CodeIgniter\Database\BaseConnection->query('INSERT INTO `notifications` (`booking_id`, `user_id`, `type`, `subject`, `message`, `sent_at`, `created_at`, `updated_at`) VALUES (:booking_id:, :user_id:, :type:, :subject:, :message:, :sent_at:, :created_at:, :updated_at:)', [...], false)
 2 SYSTEMPATH\Model.php(326): CodeIgniter\Database\BaseBuilder->insert()
 3 SYSTEMPATH\BaseModel.php(802): CodeIgniter\Model->doInsert([...])
 4 SYSTEMPATH\Model.php(744): CodeIgniter\BaseModel->insert([...], true)
 5 APPPATH\Libraries\NotificationService.php(63): CodeIgniter\Model->insert([...])
 6 APPPATH\Controllers\Staff.php(195): App\Libraries\NotificationService->sendReadyForPickupNotification('11', '14')
 7 SYSTEMPATH\CodeIgniter.php(941): App\Controllers\Staff->sendReadyForPickupNotification('11')
 8 SYSTEMPATH\CodeIgniter.php(502): CodeIgniter\CodeIgniter->runController(Object(App\Controllers\Staff))
 9 SYSTEMPATH\CodeIgniter.php(361): CodeIgniter\CodeIgniter->handleRequest(null, Object(Config\Cache), false)
10 FCPATH\index.php(79): CodeIgniter\CodeIgniter->run()
11 SYSTEMPATH\Commands\Server\rewrite.php(47): require_once('C:\\Users\\timaj\\OneDrive\\Documents\\HiFi\\CAR-RENTAL\\car-rental-ci\\public\\index.php')
CRITICAL - 2025-11-04 18:25:33 --> [Caused by] CodeIgniter\Database\Exceptions\DatabaseException: Table 'car_rental_db.notifications' doesn't exist
in SYSTEMPATH\Database\MySQLi\Connection.php on line 311.
 1 SYSTEMPATH\Database\BaseConnection.php(693): CodeIgniter\Database\MySQLi\Connection->execute('INSERT INTO `notifications` (`booking_id`, `user_id`, `type`, `subject`, `message`, `sent_at`, `created_at`, `updated_at`) VALUES (\'11\', \'15\', \'ready_for_pickup\', \'Your Car is Ready for Pick-up\', \'Dear John Customer,\\n\\nGreat news! Your booked car (Toyota Vios) is now ready for pick-up.\\n\\nBooking Details:\\n- Booking ID: 11\\n- Car: Toyota Vios\\n- Pick-up Date: Nov 06, 2025\\n- Pick-up Location: Our main office\\n\\nPlease bring a valid ID and the remaining balance payment.\\n\\nThank you for choosing our car rental service!\\n\\nBest regards,\\nCar Rental Team\', \'2025-11-04 18:25:33\', \'2025-11-04 18:25:33\', \'2025-11-04 18:25:33\')')
 2 SYSTEMPATH\Database\BaseConnection.php(607): CodeIgniter\Database\BaseConnection->simpleQuery('INSERT INTO `notifications` (`booking_id`, `user_id`, `type`, `subject`, `message`, `sent_at`, `created_at`, `updated_at`) VALUES (\'11\', \'15\', \'ready_for_pickup\', \'Your Car is Ready for Pick-up\', \'Dear John Customer,\\n\\nGreat news! Your booked car (Toyota Vios) is now ready for pick-up.\\n\\nBooking Details:\\n- Booking ID: 11\\n- Car: Toyota Vios\\n- Pick-up Date: Nov 06, 2025\\n- Pick-up Location: Our main office\\n\\nPlease bring a valid ID and the remaining balance payment.\\n\\nThank you for choosing our car rental service!\\n\\nBest regards,\\nCar Rental Team\', \'2025-11-04 18:25:33\', \'2025-11-04 18:25:33\', \'2025-11-04 18:25:33\')')
 3 SYSTEMPATH\Database\BaseBuilder.php(2307): CodeIgniter\Database\BaseConnection->query('INSERT INTO `notifications` (`booking_id`, `user_id`, `type`, `subject`, `message`, `sent_at`, `created_at`, `updated_at`) VALUES (:booking_id:, :user_id:, :type:, :subject:, :message:, :sent_at:, :created_at:, :updated_at:)', [...], false)
 4 SYSTEMPATH\Model.php(326): CodeIgniter\Database\BaseBuilder->insert()
 5 SYSTEMPATH\BaseModel.php(802): CodeIgniter\Model->doInsert([...])
 6 SYSTEMPATH\Model.php(744): CodeIgniter\BaseModel->insert([...], true)
 7 APPPATH\Libraries\NotificationService.php(63): CodeIgniter\Model->insert([...])
 8 APPPATH\Controllers\Staff.php(195): App\Libraries\NotificationService->sendReadyForPickupNotification('11', '14')
 9 SYSTEMPATH\CodeIgniter.php(941): App\Controllers\Staff->sendReadyForPickupNotification('11')
10 SYSTEMPATH\CodeIgniter.php(502): CodeIgniter\CodeIgniter->runController(Object(App\Controllers\Staff))
11 SYSTEMPATH\CodeIgniter.php(361): CodeIgniter\CodeIgniter->handleRequest(null, Object(Config\Cache), false)
12 FCPATH\index.php(79): CodeIgniter\CodeIgniter->run()
13 SYSTEMPATH\Commands\Server\rewrite.php(47): require_once('C:\\Users\\timaj\\OneDrive\\Documents\\HiFi\\CAR-RENTAL\\car-rental-ci\\public\\index.php')
CRITICAL - 2025-11-04 18:25:33 --> [Caused by] mysqli_sql_exception: Table 'car_rental_db.notifications' doesn't exist
in SYSTEMPATH\Database\MySQLi\Connection.php on line 306.
 1 SYSTEMPATH\Database\MySQLi\Connection.php(306): mysqli->query('INSERT INTO `notifications` (`booking_id`, `user_id`, `type`, `subject`, `message`, `sent_at`, `created_at`, `updated_at`) VALUES (\'11\', \'15\', \'ready_for_pickup\', \'Your Car is Ready for Pick-up\', \'Dear John Customer,\\n\\nGreat news! Your booked car (Toyota Vios) is now ready for pick-up.\\n\\nBooking Details:\\n- Booking ID: 11\\n- Car: Toyota Vios\\n- Pick-up Date: Nov 06, 2025\\n- Pick-up Location: Our main office\\n\\nPlease bring a valid ID and the remaining balance payment.\\n\\nThank you for choosing our car rental service!\\n\\nBest regards,\\nCar Rental Team\', \'2025-11-04 18:25:33\', \'2025-11-04 18:25:33\', \'2025-11-04 18:25:33\')', 0)
 2 SYSTEMPATH\Database\BaseConnection.php(693): CodeIgniter\Database\MySQLi\Connection->execute('INSERT INTO `notifications` (`booking_id`, `user_id`, `type`, `subject`, `message`, `sent_at`, `created_at`, `updated_at`) VALUES (\'11\', \'15\', \'ready_for_pickup\', \'Your Car is Ready for Pick-up\', \'Dear John Customer,\\n\\nGreat news! Your booked car (Toyota Vios) is now ready for pick-up.\\n\\nBooking Details:\\n- Booking ID: 11\\n- Car: Toyota Vios\\n- Pick-up Date: Nov 06, 2025\\n- Pick-up Location: Our main office\\n\\nPlease bring a valid ID and the remaining balance payment.\\n\\nThank you for choosing our car rental service!\\n\\nBest regards,\\nCar Rental Team\', \'2025-11-04 18:25:33\', \'2025-11-04 18:25:33\', \'2025-11-04 18:25:33\')')
 3 SYSTEMPATH\Database\BaseConnection.php(607): CodeIgniter\Database\BaseConnection->simpleQuery('INSERT INTO `notifications` (`booking_id`, `user_id`, `type`, `subject`, `message`, `sent_at`, `created_at`, `updated_at`) VALUES (\'11\', \'15\', \'ready_for_pickup\', \'Your Car is Ready for Pick-up\', \'Dear John Customer,\\n\\nGreat news! Your booked car (Toyota Vios) is now ready for pick-up.\\n\\nBooking Details:\\n- Booking ID: 11\\n- Car: Toyota Vios\\n- Pick-up Date: Nov 06, 2025\\n- Pick-up Location: Our main office\\n\\nPlease bring a valid ID and the remaining balance payment.\\n\\nThank you for choosing our car rental service!\\n\\nBest regards,\\nCar Rental Team\', \'2025-11-04 18:25:33\', \'2025-11-04 18:25:33\', \'2025-11-04 18:25:33\')')
 4 SYSTEMPATH\Database\BaseBuilder.php(2307): CodeIgniter\Database\BaseConnection->query('INSERT INTO `notifications` (`booking_id`, `user_id`, `type`, `subject`, `message`, `sent_at`, `created_at`, `updated_at`) VALUES (:booking_id:, :user_id:, :type:, :subject:, :message:, :sent_at:, :created_at:, :updated_at:)', [...], false)
 5 SYSTEMPATH\Model.php(326): CodeIgniter\Database\BaseBuilder->insert()
 6 SYSTEMPATH\BaseModel.php(802): CodeIgniter\Model->doInsert([...])
 7 SYSTEMPATH\Model.php(744): CodeIgniter\BaseModel->insert([...], true)
 8 APPPATH\Libraries\NotificationService.php(63): CodeIgniter\Model->insert([...])
 9 APPPATH\Controllers\Staff.php(195): App\Libraries\NotificationService->sendReadyForPickupNotification('11', '14')
10 SYSTEMPATH\CodeIgniter.php(941): App\Controllers\Staff->sendReadyForPickupNotification('11')
11 SYSTEMPATH\CodeIgniter.php(502): CodeIgniter\CodeIgniter->runController(Object(App\Controllers\Staff))
12 SYSTEMPATH\CodeIgniter.php(361): CodeIgniter\CodeIgniter->handleRequest(null, Object(Config\Cache), false)
13 FCPATH\index.php(79): CodeIgniter\CodeIgniter->run()
14 SYSTEMPATH\Commands\Server\rewrite.php(47): require_once('C:\\Users\\timaj\\OneDrive\\Documents\\HiFi\\CAR-RENTAL\\car-rental-ci\\public\\index.php')
ERROR - 2025-11-04 18:33:07 --> Email: sendWithMail throwed ErrorException: mail(): Failed to connect to mailserver at &quot;localhost&quot; port 25, verify your &quot;SMTP&quot; and &quot;smtp_port&quot; setting in php.ini or use ini_set() in C:\Users\timaj\OneDrive\Documents\HiFi\CAR-RENTAL\car-rental-ci\system\Email\Email.php:1763
Stack trace:
#0 [internal function]: CodeIgniter\Debug\Exceptions->errorHandler(2, 'mail(): Failed ...', 'C:\\Users\\timaj\\...', 1763)
#1 C:\Users\timaj\OneDrive\Documents\HiFi\CAR-RENTAL\car-rental-ci\system\Email\Email.php(1763): mail('customer@carren...', '=?UTF-8?Q?Your=...', 'Dear John Custo...', 'Date: Tue, 4 No...', '-f noreply@carr...')
#2 C:\Users\timaj\OneDrive\Documents\HiFi\CAR-RENTAL\car-rental-ci\system\Email\Email.php(1695): CodeIgniter\Email\Email->sendWithMail()
#3 C:\Users\timaj\OneDrive\Documents\HiFi\CAR-RENTAL\car-rental-ci\system\Email\Email.php(1587): CodeIgniter\Email\Email->spoolEmail()
#4 C:\Users\timaj\OneDrive\Documents\HiFi\CAR-RENTAL\car-rental-ci\app\Libraries\NotificationService.php(276): CodeIgniter\Email\Email->send()
#5 C:\Users\timaj\OneDrive\Documents\HiFi\CAR-RENTAL\car-rental-ci\app\Libraries\NotificationService.php(69): App\Libraries\NotificationService->sendEmail('customer@carren...', 'Your Car is Rea...', 'Dear John Custo...')
#6 C:\Users\timaj\OneDrive\Documents\HiFi\CAR-RENTAL\car-rental-ci\app\Controllers\Staff.php(195): App\Libraries\NotificationService->sendReadyForPickupNotification('11', '14')
#7 C:\Users\timaj\OneDrive\Documents\HiFi\CAR-RENTAL\car-rental-ci\system\CodeIgniter.php(941): App\Controllers\Staff->sendReadyForPickupNotification('11')
#8 C:\Users\timaj\OneDrive\Documents\HiFi\CAR-RENTAL\car-rental-ci\system\CodeIgniter.php(502): CodeIgniter\CodeIgniter->runController(Object(App\Controllers\Staff))
#9 C:\Users\timaj\OneDrive\Documents\HiFi\CAR-RENTAL\car-rental-ci\system\CodeIgniter.php(361): CodeIgniter\CodeIgniter->handleRequest(NULL, Object(Config\Cache), false)
#10 C:\Users\timaj\OneDrive\Documents\HiFi\CAR-RENTAL\car-rental-ci\public\index.php(79): CodeIgniter\CodeIgniter->run()
#11 C:\Users\timaj\OneDrive\Documents\HiFi\CAR-RENTAL\car-rental-ci\system\Commands\Server\rewrite.php(47): require_once('C:\\Users\\timaj\\...')
#12 {main}
ERROR - 2025-11-04 18:33:07 --> Email: Unable to send email using PHP mail(). Your server might not be configured to send mail using this method.
ERROR - 2025-11-04 18:33:07 --> 
